5683,6459,-
6529,7959,-
9928,10494,-
10643,11356,-
11382,11786,-
16751,16960,-
16751,16903,-
19811,20314,-
20233,20508,-
20815,21078,-
34781,35371,-
35377,36162,-
36271,37824,-
37898,39115,-
39244,40386,-
40417,41931,-
50380,51222,-
51229,51606,-
51609,52430,-
52427,53416,-
53416,54702,-
54755,57109,-
59687,60346,-
60358,63264,-
63429,65780,-
65855,66550,-
66835,68337,-
68348,70048,-
72229,72927,-
72911,74521,-
74497,75480,-
75644,77299,-
78848,79453,-
79464,80864,-
80867,81958,-
81958,83529,-
83622,83708,-
111649,111846,-
111856,112599,-
112599,113219,-
114522,115724,-
115714,117099,-
117109,117549,-
117752,118645,-
120178,121551,-
129407,131260,-
134788,135582,-
135598,136464,-
136570,136917,-
138835,141225,-
142008,142670,-
146314,146694,-
147944,148795,-
148807,149601,-
149715,150953,-
151003,151599,-
151626,152231,-
152243,152812,-
152829,155426,-
155461,156201,-
156299,156883,-
157253,157732,-
157729,159126,-
159186,160112,-
160149,160604,-
160782,161486,-
161501,162031,-
173602,174882,-
177001,177624,-
177662,178462,-
178455,179153,-
183709,184095,-
184257,185069,-
185123,185947,-
185978,188650,-
188712,189506,-
213678,213932,-
213925,214125,-
216179,217003,-
217057,218775,-
218887,219594,-
219591,219995,-
220113,220928,-
220968,221621,-
221614,222645,-
229967,230881,-
232597,233955,-
234027,234782,-
235535,236002,-
238257,238736,-
238746,239102,-
239419,240189,-
240859,243303,-
245065,245805,-
245961,246239,-
246242,246502,-
248358,250070,-
254259,255716,-
258269,259324,-
262374,262436,-
262552,262893,-
262914,263231,-
263250,263471,-
263480,263956,-
263972,264430,-
264528,264767,-
264844,265311,-
265334,265777,-
265777,265998,-
266000,266191,-
266408,267229,-
267321,268184,-
268513,269406,-
273325,274341,-
276980,278026,-
278038,278385,-
278402,278905,-
278824,279099,-
279338,279586,-
279651,279959,-
280053,281207,-
287628,288386,-
288525,289529,-
289873,290376,-
290295,290570,-
291546,292172,-
292444,293142,-
293169,294023,-
294363,294803,-
294920,296320,-
296605,296943,-
296938,297015,-
296994,297950,-
297960,300158,-
300155,301111,-
301108,301797,-
303077,303406,-
303719,304429,-
304398,306041,-
306031,308556,-
308582,309250,-
309308,309895,-
309970,310560,-
311598,311738,-
311738,312001,-
312365,312466,-
312940,313029,-
315710,316393,-
316950,317543,-
317555,317791,-
317900,319225,-
323920,324588,-
324801,326471,-
326485,327957,-
327971,328558,-
332725,333657,-
333749,334246,-
344890,345561,-
346081,347667,-
357015,357914,-
360473,361084,-
361150,362403,-
362455,365529,-
365652,366734,-
366811,367644,-
376759,377592,-
377686,378795,-
378830,379105,-
379293,380066,-
380068,380483,-
381963,383159,-
383283,383840,-
387977,388951,-
390963,391829,-
391826,392125,-
394354,395511,-
398249,398557,-
399053,400147,-
404059,404868,-
408332,409243,-
410521,411705,-
411831,414977,-
414974,416176,-
423561,424142,-
430353,431237,-
431536,432075,-
436385,437359,-
437539,439401,-
439426,440325,-
440325,440567,-
442275,442865,-
442828,443739,-
444526,445890,-
446039,446929,-
446941,447270,-
447270,447884,-
447874,449865,-
449887,450834,-
451294,452769,-
452813,453391,-
464076,464771,-
464836,466536,-
473525,474385,-
475206,475595,-
476291,477841,-
478005,478475,-
478591,479142,-
479314,479532,-
479558,479932,-
480478,483627,-
483650,484843,-
489334,489495,-
489509,490036,-
498238,499197,-
500786,502462,-
502700,503920,-
505827,506306,-
506510,507304,-
508099,510603,-
513625,514083,-
514080,514997,-
516649,517503,-
517564,518373,-
518363,518989,-
528819,528884,-
529356,530450,-
530519,531445,-
542485,543270,-
543281,544516,-
544538,545587,-
550750,551817,-
551814,552323,-
552441,553163,-
553166,553660,-
555255,555776,-
555884,556096,-
556098,556964,-
563071,563703,-
564038,565201,-
565081,565302,-
565321,565599,-
573752,573809,-
573960,574976,-
577823,578116,-
578407,578817,-
579474,579668,-
581375,582029,-
583903,584856,-
585370,586131,-
586314,587204,-
587205,590177,-
590164,592401,-
592551,593993,-
593983,594666,-
602639,603886,-
603994,604647,-
604741,605109,-
605174,605422,-
605488,606606,-
608682,609311,-
609477,611717,-
618607,619422,-
619419,620411,-
620408,621412,-
622777,623733,-
631612,632700,-
633970,634599,-
634572,635792,-
635939,636841,-
637050,637796,-
640662,641090,-
642780,643190,-
643420,644226,-
644340,645803,-
645854,646732,-
646707,647258,-
647262,648794,-
648805,649713,-
649710,650006,-
650021,651079,-
653806,655191,-
656778,657161,-
658474,659439,-
659648,660601,-
660860,661501,-
661602,661865,-
661975,663186,-
663325,664413,-
664424,665536,-
665539,667440,-
667471,667938,-
667942,668259,-
668519,669130,-
669154,669795,-
669797,670828,-
670828,671409,-
671424,674006,-
674793,675770,-
678075,678629,-
680946,682616,-
682700,683635,-
683753,684478,-
684478,685152,-
685152,685892,-
686062,686970,-
687220,688236,-
688566,690104,-
690129,691007,-
691097,691564,-
691561,692601,-
692754,694178,-
696736,698400,-
698797,699549,-
699597,700817,-
700826,701974,-
702034,702834,-
709423,709869,-
709862,709948,-
710158,710688,-
710828,711121,-
711261,712025,-
715170,715820,-
715944,716093,-
716169,717488,-
717485,719683,-
720279,720956,-
720953,723637,-
723630,724202,-
724211,726259,-
726282,727955,-
727955,728044,-
740298,741779,-
745946,746992,-
747144,748205,-
748202,748930,-
748945,751392,-
751452,752018,-
752408,753691,-
764376,765098,-
783105,784046,-
784160,784540,-
786066,786818,-
787020,788060,-
788054,789202,-
789206,790252,-
790262,791278,-
791539,793011,-
793079,793867,-
796836,797654,-
798845,799798,-
805221,806504,-
806656,807132,-
807191,808480,-
814962,815870,-
820765,821721,-
821721,822962,-
822959,823720,-
824225,825331,-
825342,826475,-
826468,828204,-
828197,829195,-
829195,829866,-
831691,832173,-
836888,837148,-
837413,837679,-
837753,838430,-
838472,840754,-
841019,841279,-
842478,844703,-
844964,845686,-
845683,846342,-
846481,847227,-
847631,848134,-
848433,849320,-
850237,851820,-
854047,854967,-
857019,858284,-
858436,859251,-
859397,861829,-
861835,862734,-
863603,864352,-
864352,865587,-
875933,877258,-
879077,879703,-
881199,881957,-
882015,882611,-
884169,884453,-
884539,885354,-
885354,886562,-
887357,889042,-
889719,889976,-
899067,899798,-
900089,900757,-
900757,901473,-
901480,902211,-
902229,902957,-
903175,903690,-
904963,905976,-
906075,907505,-
907516,908517,-
908554,910272,-
910405,911373,-
911385,913037,-
913181,914080,-
914575,915270,-
917351,918343,-
921589,921813,-
925448,925666,-
925951,926655,-
926697,928418,-
928419,930185,-
930308,931273,-
944154,944780,-
947883,948791,-
949563,950303,-
950495,952777,-
952832,953689,-
954095,955855,-
971845,972624,-
983742,984932,-
985117,986205,-
986808,988208,-
988377,989579,-
992500,993267,-
993264,994055,-
994066,995211,-
995208,996167,-
996160,996735,-
1005714,1006823,-
1015175,1015693,-
1015762,1017522,-
1018236,1019276,-
1019633,1020142,-
1020953,1023106,-
1023125,1023571,-
1025780,1026238,-
1026334,1026996,-
1027627,1027944,-
1028002,1029192,-
1029562,1029891,-
1029982,1030641,-
1041253,1043433,-
1043453,1043899,-
1043887,1045026,-
1045072,1047168,-
1047168,1047914,-
1047911,1048555,-
1048662,1048967,-
1050186,1050398,-
1051512,1052585,-
1052657,1055401,-
1056485,1057177,-
1061773,1062078,-
1062078,1062998,-
1066087,1066314,-
1066335,1066931,-
1067734,1069062,-
1069083,1069577,-
1069588,1070178,-
1070188,1070988,-
1070996,1071382,-
1071394,1072086,-
1072086,1073234,-
1074143,1078105,-
1085329,1085742,-
1085744,1087069,-
1087062,1089080,-
1089089,1091512,-
1093498,1094364,-
1094361,1094660,-
1100074,1100907,-
1100934,1101350,-
1101375,1101764,-
1101769,1102419,-
1107007,1108164,-
1113030,1113404,-
1113487,1114713,-
1114885,1115805,-
1117124,1117699,-
1117703,1118269,-
1118530,1118670,-
1118691,1119809,-
1119924,1120178,-
1120465,1120710,-
1120784,1121830,-
1121936,1122496,-
1122630,1123277,-
1123341,1124549,-
1128637,1129053,-
1129058,1129351,-
1129427,1130086,-
1140405,1143590,-
1145234,1145818,-
1158585,1160774,-
1167423,1168055,-
1168635,1169597,-
1169741,1173187,-
1173315,1174388,-
1179702,1180490,-
1180487,1180948,-
1181006,1182052,-
1182049,1182843,-
1182840,1183667,-
1183681,1184817,-
1186342,1187463,-
1187539,1188999,-
1188999,1189670,-
1189839,1191209,-
1191213,1191854,-
1191890,1192996,-
1193050,1193511,-
1193521,1194174,-
1196090,1196755,-
1196756,1197460,-
1198902,1200029,-
1200010,1200255,-
1200999,1201307,-
1201482,1202156,-
1207740,1208342,-
1208342,1208842,-
1210903,1211226,-
1211926,1212330,-
1212551,1213282,-
1213487,1214698,-
1221528,1221857,-
1221867,1222211,-
1222213,1222386,-
1223502,1223768,-
1223772,1224584,-
1224608,1225303,-
1226294,1226695,-
1228706,1229617,-
1231723,1232253,-
1232399,1233940,-
1234932,1236464,-
1239558,1241294,-
1241389,1242303,-
1243016,1243750,-
1244902,1246599,-
1246919,1248337,-
1248348,1248980,-
1248991,1250061,-
1252308,1255175,-
1255944,1257035,-
1257152,1257736,-
1258347,1260026,-
1260151,1261098,-
1261249,1262100,-
1262100,1262723,-
1268391,1268498,-
1268926,1269033,-
1269461,1269568,-
1269972,1271072,-
1272469,1272822,-
1274402,1275052,-
1275045,1276841,-
1286310,1286399,-
1287005,1287847,-
1287897,1288355,-
1291732,1292145,-
1293649,1294215,-
1294669,1297344,-
1304845,1305174,-
1305209,1306669,-
1307040,1308293,-
1308593,1308889,-
1309872,1310270,-
1310375,1310914,-
1310944,1311687,-
1312742,1313248,-
1313294,1313794,-
1313880,1314059,-
1314440,1315246,-
1315246,1316439,-
1316451,1317809,-
1317813,1319408,-
1319408,1320970,-
1321062,1321106,-
1325791,1326381,-
1326378,1327136,-
1328441,1328692,-
1336594,1337184,-
1341134,1341352,-
1341621,1342370,-
1342460,1342633,-
1342781,1344766,-
1345002,1346936,-
1347004,1348131,-
1348275,1349063,-
1349431,1349784,-
1349852,1350658,-
1350660,1351652,-
1351652,1352542,-
1352529,1353494,-
1353491,1355134,-
1355447,1355692,-
1355826,1357211,-
1357514,1358932,-
1364959,1365936,-
1380987,1381985,-
1386329,1386835,-
1387894,1388622,-
1388749,1388886,-
1388892,1388957,-
1388957,1389877,-
1392915,1393946,-
1395696,1396646,-
1396798,1397550,-
1397745,1398260,-
1398271,1399797,-
1399834,1401279,-
1401279,1402589,-
1404587,1405819,-
1409037,1409972,-
1410024,1411259,-
1411261,1411476,-
1411555,1411764,-
1411757,1411951,-
1412008,1412817,-
1412810,1415410,-
1415512,1415787,-
1415862,1416032,-
1416032,1416253,-
1417180,1417335,-
1417346,1417480,-
1417789,1418265,-
1425770,1426750,-
1431108,1431698,-
1432015,1432281,-
1432982,1433032,-
1433209,1433643,-
1433784,1434917,-
1435284,1438808,-
1439345,1439767,-
1439878,1440867,-
1444402,1445307,-
1447100,1449373,-
1449621,1451666,-
1463189,1463254,-
1465945,1466850,-
1466808,1467173,-
1480279,1480884,-
1487737,1487988,-
1489946,1490095,-
1489986,1490153,-
1492172,1493095,-
1497493,1498473,-
1501242,1501673,-
1502929,1504104,-
1506858,1507088,-
1515123,1515218,-
1515906,1516355,-
1516352,1516870,-
1518987,1521089,-
1522505,1524004,-
1531306,1531875,-
1532989,1533882,-
1533961,1534641,-
1534638,1535333,-
1535333,1536877,-
1536874,1540614,-
1540696,1542084,-
1542408,1542743,-
1542782,1543771,-
1543774,1544052,-
1544312,1545193,-
1550422,1550706,-
1550852,1551862,-
1551996,1553693,-
1553850,1553987,-
1554089,1554304,-
1555136,1556062,-
1556055,1557041,-
1557038,1557934,-
1557931,1558953,-
1558955,1560505,-
1560519,1561100,-
1561358,1563757,-
1563782,1565164,-
1565528,1566847,-
1566978,1568513,-
1568669,1570069,-
1570431,1573226,-
1573271,1575643,-
1575681,1577366,-
1577657,1578814,-
1578866,1580548,-
1580950,1581711,-
1581786,1581983,-
1582231,1584510,-
1584844,1585758,-
1585817,1586320,-
1586333,1586863,-
1586877,1588103,-
1588358,1588450,-
1588878,1590200,-
1590200,1590466,-
1590689,1596110,-
1596641,1598233,-
1598312,1599265,-
1606132,1607046,-
1607253,1608704,-
1608931,1609878,-
1609990,1610349,-
1610349,1611275,-
1611339,1612727,-
1616267,1616932,-
1618262,1619161,-
1620984,1621874,-
1622129,1622521,-
1623359,1625404,-
1627477,1628937,-
1629026,1630309,-
1632334,1632909,-
1632909,1633871,-
1633864,1634391,-
1635633,1635806,-
1635978,1636133,-
1636479,1636691,-
1637054,1637551,-
1637104,1637358,-
1637548,1638081,-
1638078,1638389,-
1638394,1638609,-
1639363,1639578,-
1640513,1641265,-
1641279,1642328,-
1642675,1642926,-
1643143,1643298,-
1643370,1643657,-
1643657,1643896,-
1645198,1645380,-
1645382,1645660,-
1645644,1645874,-
1650920,1651939,-
1651951,1653165,-
1653371,1653697,-
1654771,1655481,-
1664548,1665243,-
1665368,1666588,-
1666723,1667616,-
1670844,1671173,-
1671160,1671525,-
1672996,1674384,-
1674395,1675927,-
1679719,1680054,-
1683209,1684612,-
1684755,1686401,-
1689610,1690875,-
1690914,1692287,-
1692284,1694095,-
1694486,1695076,-
1695297,1696064,-
1696176,1697204,-
1701292,1702332,-
1713050,1713913,-
1713972,1715246,-
1715375,1716031,-
1716090,1716419,-
1716517,1717626,-
1718414,1718848,-
1722158,1722679,-
1722760,1723656,-
1723705,1723944,-
1731778,1732125,-
1734145,1735314,-
1735480,1735569,-
1736890,1737822,-
1740625,1741266,-
1742895,1744151,-
1746771,1747583,-
1747587,1748372,-
1748369,1749037,-
1749101,1749748,-
1749752,1751854,-
1751875,1752501,-
1752956,1753165,-
1755745,1756749,-
1756898,1757314,-
1757327,1758547,-
1758544,1759815,-
1759790,1760536,-
1760546,1762033,-
1762042,1762410,-
1762958,1763146,-
1763246,1763656,-
1763653,1766709,-
1776414,1777325,-
1782758,1785136,-
1787832,1789268,-
1789331,1790044,-
1790291,1790755,-
1790833,1791582,-
1791582,1792133,-
1792196,1793176,-
1793277,1793576,-
1793581,1795968,-
1795983,1796966,-
1797250,1797294,-
1797417,1797773,-
1797826,1798023,-
1798120,1798662,-
1798666,1800594,-
1803349,1804107,-
1806721,1807257,-
1810353,1811156,-
1811445,1811687,-
1814410,1815159,-
1815172,1816524,-
1816629,1817471,-
1817479,1817829,-
1817880,1819238,-
1819323,1819643,-
1819942,1820280,-
1822386,1822961,-
1823164,1823649,-
1823979,1824947,-
1824940,1826283,-
1826280,1827758,-
1827755,1828789,-
1828786,1830006,-
1838807,1839427,-
1839887,1840159,-
1841855,1842895,-
1843023,1844984,-
1844989,1846032,-
1846149,1846700,-
1850645,1852003,-
1852120,1852878,-
1853015,1853995,-
1854005,1854952,-
1854957,1855793,-
1855814,1856857,-
1856874,1858253,-
1858280,1859356,-
1859726,1859998,-
1860040,1860453,-
1862806,1863660,-
1863750,1864496,-
1872102,1872206,-
1872779,1873600,-
1875302,1875556,-
1877031,1877279,-
1877427,1877609,-
1877613,1877972,-
1878145,1878783,-
1878910,1879833,-
1884888,1886015,-
1886085,1887770,-
1887975,1888556,-
1888596,1889291,-
1889349,1891259,-
1892576,1892755,-
1898053,1899609,-
1904275,1905084,-
1905250,1905459,-
1905472,1905615,-
1906285,1906572,-
1906647,1906790,-
1907332,1908123,-
1909719,1910600,-
1910792,1912840,-
1912860,1913558,-
1913655,1914152,-
1920337,1920993,-
1921389,1921730,-
1921743,1922615,-
1922619,1922993,-
1924803,1926863,-
1927072,1927731,-
1928058,1928414,-
1928481,1928771,-
1930139,1930780,-
1930817,1932628,-
1932863,1934338,-
1937246,1938217,-
1938337,1939659,-
1939675,1940607,-
1942370,1943380,-
1943389,1944000,-
1944139,1944204,-
1944879,1945400,-
1945435,1946175,-
1946204,1946656,-
1946774,1948546,-
1952602,1955031,-
1955056,1956156,-
1956544,1957290,-
1957304,1957870,-
1960604,1960996,-
1960996,1963074,-
1963067,1964215,-
1964417,1965061,-
1965072,1965461,-
1965476,1966525,-
1966528,1967388,-
1967407,1969008,-
1969054,1970715,-
1970860,1971363,-
1971384,1973348,-
1973353,1974279,-
1974276,1975163,-
1975290,1975868,-
1975871,1976221,-
1976542,1977045,-
1976964,1977239,-
1978212,1979636,-
1979611,1980411,-
1980578,1981564,-
1981579,1983093,-
1983163,1984152,-
1985531,1985782,-
1985897,1985983,-
1987275,1987514,-
1988978,1989643,-
1990293,1990841,-
1990898,1992730,-
1992727,1993383,-
1994134,1994856,-
1995086,1995838,-
1995835,1996503,-
1996518,1997504,-
1997609,1998409,-
1998497,1999048,-
1999094,1999813,-
2000134,2001630,-
2005701,2006114,-
2009247,2009381,-
2010724,2011038,-
2022659,2022847,-
2024347,2026041,-
2026212,2026394,-
2026473,2027390,-
2028472,2028942,-
2028923,2030341,-
2030408,2031103,-
2031143,2031508,-
2034818,2036176,-
2036176,2036847,-
2050300,2051352,-
2056227,2057714,-
2057988,2058938,-
2059040,2059957,-
2060415,2061347,-
2061412,2062491,-
2062503,2063246,-
2063243,2063788,-
2064092,2064178,-
2064329,2065345,-
2065384,2065482,-
2066285,2066443,-
2066976,2067881,-
2067839,2068204,-
2076573,2076701,-
2077056,2077385,-
2077557,2078615,-
2078813,2079286,-
2079405,2080571,-
2082250,2082477,-
2082491,2083549,-
2083728,2085086,-
2085076,2085138,-
2085353,2086282,-
2086328,2087152,-
2087235,2087489,-
2087486,2087737,-
2095345,2096325,-
2096471,2097637,-
2097886,2099292,-
2099420,2099768,-
2099919,2100935,-
2101415,2102533,-
2102518,2103108,-
2103089,2104081,-
2104084,2105250,-
2105250,2106353,-
2106361,2107608,-
2107605,2108162,-
2108162,2109043,-
2109101,2110000,-
2110000,2111085,-
2111458,2112351,-
2112526,2113920,-
2113931,2115151,-
2115148,2116428,-
2116704,2118182,-
2118184,2119578,-
2119633,2121003,-
2121108,2122544,-
2122547,2123770,-
2123767,2124246,-
2124249,2125214,-
2125217,2126338,-
2126364,2126912,-
2126928,2127674,-
2127685,2128902,-
2128877,2130094,-
2130091,2130579,-
2130582,2131421,-
2131514,2133676,-
2133679,2134122,-
2134128,2135267,-
2137783,2139636,-
2139658,2140239,-
2140331,2140972,-
2144716,2145564,-
2147063,2149009,-
2149735,2150496,-
2150493,2151152,-
2151373,2151432,-
2151705,2151761,-
2165326,2165544,-
2165626,2165838,-
2166013,2166330,-
2167717,2168191,-
2169857,2170897,-
2170945,2172300,-
2172304,2172588,-
2172619,2173071,-
2173081,2174343,-
2174372,2175226,-
2175534,2176586,-
2180057,2180803,-
2180855,2181673,-
2181738,2182538,-
2182535,2183323,-
2183546,2183818,-
2185402,2186436,-
2186452,2188932,-
2188948,2189667,-
2189702,2190244,-
2190537,2190818,-
2191081,2192190,-
2209748,2210218,-
2210265,2210984,-
2210981,2212666,-
2213767,2214498,-
2214503,2215429,-
2215422,2216579,-
2216586,2217503,-
2217714,2220011,-
2221960,2222892,-
2223066,2223653,-
2224531,2225292,-
2225345,2226631,-
2227460,2228407,-
2234765,2235775,-
2235791,2237311,-
2237372,2238370,-
2238650,2239690,-
2239832,2240989,-
2241006,2241674,-
2242800,2244791,-
2245085,2246554,-
2246759,2247640,-
2250917,2252167,-
2252267,2253208,-
2254107,2255357,-
2255451,2256389,-
2256377,2257318,-
2257741,2259432,-
2259449,2260387,-
2260387,2261517,-
2263063,2263317,-
2275915,2276259,-
2276592,2277782,-
2277810,2278505,-
2280962,2281969,-
2284412,2286936,-
2287087,2288103,-
2289380,2290432,-
2290429,2290986,-
2290983,2292926,-
2292923,2293402,-
2293399,2293608,-
2293605,2294342,-
2294384,2295046,-
2295043,2295666,-
2295679,2296281,-
2296291,2296740,-
2296737,2297600,-
2297587,2298282,-
2298289,2300775,-
2300772,2301035,-
2301025,2301519,-
2303130,2304776,-
2304994,2306637,-
2306713,2307363,-
2307363,2308427,-
2308501,2309556,-
2309668,2310771,-
2315049,2317898,-
2325389,2326165,-
2326170,2327819,-
2327820,2332424,-
2332358,2332981,-
2332978,2334666,-
2334815,2337442,-
2338439,2342191,-
2346844,2347494,-
2347957,2349033,-
2349038,2350396,-
2356064,2356867,-
2356885,2358174,-
2358231,2359436,-
2359451,2360233,-
2360453,2361655,-
2361755,2362297,-
2363040,2363642,-
2371294,2371560,-
2371670,2373025,-
2373022,2373984,-
2373984,2374841,-
2374856,2375614,-
2375611,2377281,-
2377370,2378665,-
2378744,2379049,-
2379104,2379565,-
2382017,2383744,-
2385732,2386448,-
2388070,2389527,-
2389534,2391063,-
2391227,2393068,-
2393065,2393367,-
2393364,2393918,-
2393930,2394472,-
2394487,2395464,-
2395461,2398187,-
2398240,2399577,-
2399574,2400074,-
2400077,2401867,-
2401973,2402635,-
2402651,2403094,-
2403725,2404663,-
2407542,2409374,-
2409461,2410111,-
2410122,2410616,-
2410699,2411154,-
2416656,2417198,-
2417256,2417810,-
2417863,2418507,-
2420671,2421561,-
2421758,2422531,-
2422539,2423255,-
2423252,2423938,-
2424028,2424810,-
2425031,2425813,-
2426079,2426648,-
2426743,2428260,-
2428297,2428785,-
2429044,2429706,-
2429696,2430964,-
2431034,2431948,-
2432104,2432763,-
2432846,2433658,-
2433658,2434671,-
2434737,2435873,-
2436964,2438142,-
2438407,2439627,-
2441913,2442191,-
2442225,2442773,-
2442773,2443582,-
2443582,2444406,-
2444410,2445495,-
2445530,2446462,-
2447250,2448071,-
2448073,2448612,-
2448609,2449097,-
2449094,2449606,-
2449606,2450358,-
2450378,2453023,-
2453105,2453668,-
2454349,2454834,-
2455037,2457181,-
2457181,2458491,-
2458672,2458956,-
2462274,2463029,-
2469099,2469539,-
2469566,2470144,-
2470140,2470409,-
2470409,2470903,-
2470900,2471607,-
2474716,2475651,-
2478660,2480198,-
2480198,2481361,-
2486045,2487190,-
2487264,2488208,-
2488278,2489972,-
2490026,2491276,-
2491789,2492424,-
2493072,2493314,-
2495079,2496317,-
2500012,2502507,-
2502532,2503569,-
2503569,2504654,-
2504669,2505916,-
2505938,2506264,-
2506483,2507448,-
2509490,2510728,-
2513665,2515854,-
2517279,2518694,-
2519615,2520499,-
2520751,2522007,-
2522067,2522900,-
2523952,2524878,-
2525963,2526181,-
2526183,2528198,-
2528269,2529255,-
2534408,2535259,-
2536694,2537605,-
2537739,2538836,-
2538826,2539701,-
2539701,2540534,-
2540534,2541550,-
2541854,2542645,-
2542774,2543631,-
2547668,2548567,-
2548663,2549238,-
2549299,2549748,-
2549735,2550160,-
2552152,2553204,-
2553250,2553750,-
2553763,2554422,-
2554432,2555319,-
2555340,2556701,-
2563503,2564906,-
2564903,2566129,-
2566346,2567533,-
2567523,2568359,-
2568370,2569773,-
2569785,2570072,-
2570179,2570472,-
2570511,2571527,-
2571524,2572327,-
2572324,2573025,-
2573000,2573479,-
2573492,2573827,-
2574120,2576399,-
2579756,2580799,-
2580925,2581500,-
2581568,2583547,-
2588829,2588888,-
2591094,2591792,-
2591866,2593881,-
2593896,2594759,-
2594927,2595640,-
2595853,2596887,-
2596904,2597782,-
2612842,2613903,-
2616097,2616798,-
2616893,2618182,-
2618268,2618894,-
2624717,2626960,-
2628980,2630557,-
2630626,2632092,-
2633621,2633836,-
2633906,2635378,-
2635496,2636674,-
2636685,2637305,-
2637323,2638597,-
2638708,2639826,-
2639853,2640866,-
2641151,2642305,-
2642455,2642886,-
2643035,2645347,-
2645348,2650309,-
2652179,2652955,-
2653097,2654380,-
2654558,2654758,-
2654770,2655105,-
2655107,2656957,-
2656974,2657489,-
2657585,2657908,-
2657925,2658311,-
2658339,2659553,-
2659665,2660153,-
2660605,2661345,-
2664729,2665868,-
2666028,2666918,-
2671838,2672710,-
2672722,2673783,-
2673849,2674847,-
2674872,2676383,-
2676406,2677389,-
2677486,2680767,-
2682276,2683529,-
2685092,2685430,-
2685491,2686825,-
2686815,2687528,-
2687693,2689120,-
2689678,2693565,-
2695376,2695879,-
2695937,2696572,-
2698139,2698219,-
2698640,2699020,-
2699020,2699751,-
2699763,2700491,-
2700503,2701408,-
2701405,2702085,-
2702357,2703331,-
2703347,2705146,-
2705344,2705823,-
2705820,2706776,-
2706776,2707426,-
2707459,2708034,-
2710049,2710786,-
2712461,2713342,-
2714088,2714471,-
2715513,2716550,-
2722470,2723768,-
2729622,2732195,-
2732325,2733056,-
2733053,2734033,-
2736970,2738091,-
2738102,2739172,-
2742205,2742552,-
2742594,2743361,-
2743392,2743940,-
2743959,2744207,-
2744456,2745817,-
2748137,2748730,-
2752030,2752320,-
2752310,2752786,-
2755666,2756622,-
2759373,2761562,-
2761559,2763175,-
2763535,2763798,-
2770024,2770176,-
2770189,2771088,-
2776168,2780748,-
2781087,2781326,-
2781660,2783033,-
2794359,2794808,-
2794892,2795050,-
2796113,2796517,-
2797672,2798016,-
2812240,2812755,-
2812905,2814461,-
2814534,2814962,-
2814959,2815525,-
2816983,2817168,-
2817403,2820033,-
2820161,2820661,-
2820730,2821791,-
2821871,2822368,-
2822513,2823598,-
2828797,2830311,-
2833195,2835447,-
2835600,2836127,-
2836276,2837289,-
2840595,2841065,-
2841058,2841468,-
2841465,2842232,-
2842232,2842774,-
2842784,2844493,-
2844511,2845434,-
2845437,2847263,-
2847260,2847871,-
2847996,2848457,-
2854475,2854828,-
2858489,2859256,-
2864581,2865573,-
2865636,2866775,-
2866915,2867541,-
2867535,2868296,-
2868277,2869326,-
2869323,2869802,-
2869802,2870512,-
2870531,2870842,-
2871036,2871359,-
2871409,2872014,-
2872014,2873441,-
2873443,2874351,-
2876591,2876875,-
2876877,2877794,-
2877810,2878409,-
2878396,2879070,-
2879073,2880164,-
2880177,2880659,-
2880652,2882160,-
2882575,2885241,-
2885600,2886334,-
2886409,2888121,-
2888121,2889920,-
2892941,2893801,-
2893798,2894577,-
2894555,2895892,-
2895986,2897440,-
2897510,2898295,-
2902769,2903440,-
2904665,2905963,-
2906051,2907688,-
2907916,2908707,-
2908778,2909113,-
2909113,2909361,-
2909439,2911673,-
2911721,2913022,-
2916067,2917407,-
2917428,2918768,-
2918770,2920122,-
2920557,2921006,-
2921024,2921806,-
2921806,2922135,-
2922757,2923302,-
2929887,2931038,-
2931063,2931710,-
2938165,2939265,-
2939258,2939653,-
2939672,2940589,-
2940940,2941167,-
2943058,2943864,-
2944103,2945200,-
2945779,2947032,-
2948657,2950483,-
2950483,2954025,-
2954018,2956906,-
2957082,2960450,-
2960463,2960786,-
2960771,2961178,-
2961175,2961738,-
2961729,2962199,-
2962383,2963177,-
2963184,2964059,-
2964210,2966456,-
2966469,2966999,-
2970691,2971884,-
2971877,2974036,-
2975659,2976921,-
2977965,2978657,-
2978786,2980204,-
2980519,2981280,-
2981310,2982146,-
2982433,2983614,-
2987841,2987921,-
2987957,2988382,-
2992482,2993114,-
2993336,2993782,-
2993984,2994382,-
2994394,2995299,-
2995257,2995622,-
2995714,2996850,-
2997158,2997913,-
3002030,3003808,-
3010636,3012261,-
3012309,3013079,-
3026546,3027034,-
3027034,3028953,-
3031679,3033196,-
3033206,3034228,-
3034395,3036128,-
3036134,3036844,-
3036869,3037765,-
3038438,3038845,-
3038826,3039092,-
3040511,3041170,-
3041334,3041645,-
3043180,3043923,-
3044190,3047063,-
3047182,3047571,-
3047595,3048689,-
3049137,3050339,-
3050362,3051540,-
3051537,3052862,-
3052888,3053466,-
3054912,3054971,-
3055200,3056432,-
3056688,3057347,-
3057403,3057723,-
3064299,3065195,-
3065362,3066102,-
3066195,3066830,-
3066969,3067829,-
3068187,3069266,-
3069481,3070644,-
3070694,3071713,-
3071998,3072711,-
3072708,3073217,-
3073239,3074204,-
3074201,3075478,-
3075493,3076881,-
3076909,3077352,-
3077666,3079657,-
3080899,3081819,-
3081957,3083933,-
3083942,3084073,-
3092122,3093102,-
3096580,3097587,-
3097704,3098750,-
3098926,3099645,-
3099829,3100155,-
3100155,3100874,-
3105042,3107177,-
3108612,3109148,-
3109150,3110112,-
3110115,3110942,-
3111089,3111499,-
3111565,3112374,-
3112572,3117134,-
3117619,3119301,-
3119656,3121827,-
3121849,3122253,-
3122258,3123481,-
3123492,3124544,-
3124544,3126043,-
3127065,3128165,-
3129363,3130430,-
3130476,3131234,-
3131266,3131979,-
3132894,3134393,-
3134685,3136544,-
3137738,3137986,-
3137999,3138340,-
3138333,3138821,-
3138814,3139308,-
3139308,3141011,-
3141008,3142186,-
3142176,3143162,-
3143165,3144283,-
3144472,3144759,-
3144878,3145294,-
3146999,3147493,-
3148840,3149265,-
3149272,3150006,-
3152284,3153240,-
3156949,3159168,-
3159279,3160691,-
3160766,3161503,-
3161737,3163995,-
3164133,3165740,-
3165873,3166268,-
3166270,3166566,-
3166771,3167253,-
3167306,3167698,-
3169901,3170233,-
3171526,3173418,-
3173447,3174028,-
3174028,3174855,-
3174880,3175302,-
3175303,3175932,-
3179641,3180429,-
3181835,3182488,-
3189761,3189961,-
3193342,3194775,-
3194823,3197663,-
3197686,3198987,-
3201332,3202153,-
3202243,3202611,-
3203346,3204278,-
3207552,3208565,-
3212989,3213495,-
3213749,3214513,-
3215578,3217098,-
3218937,3219269,-
3231750,3232166,-
3232163,3232477,-
3232761,3233897,-
3239215,3239766,-
3239849,3241336,-
3241351,3242763,-
3251340,3252236,-
3253363,3254673,-
3254701,3256032,-
3256307,3257671,-
3257743,3258132,-
3258146,3260440,-
3260474,3261682,-
3261708,3263039,-
3263061,3264050,-
3264149,3265087,-
3268647,3269792,-
3269889,3270773,-
3270809,3271579,-
3271595,3272929,-
3275878,3276687,-
3290497,3291357,-
3295120,3296160,-
3296233,3296868,-
3297494,3297937,-
3298277,3298780,-
3298774,3299298,-
3302595,3303839,-
3303993,3305882,-
3305875,3305955,-
3306062,3306946,-
3307055,3309190,-
3309437,3309706,-
3309855,3310799,-
3310799,3311200,-
3311364,3314036,-
3314061,3315548,-
3315576,3316028,-
3318010,3319635,-
3320195,3320527,-
3320755,3322092,-
3322085,3322933,-
3323023,3324957,-
3325057,3325686,-
3326261,3326737,-
3328604,3329776,-
3329792,3330757,-
3330884,3331141,-
3331162,3331473,-
3333257,3334516,-
3334571,3334825,-
3334985,3335278,-
3335278,3335913,-
3335932,3336483,-
3336488,3337270,-
3337278,3338087,-
3347103,3347831,-
3347828,3348481,-
3348711,3351047,-
3351143,3352072,-
3363724,3364740,-
3367036,3367500,-
3367497,3368372,-
3368369,3369058,-
3369106,3370596,-
3370705,3371598,-
3371720,3372511,-
3374301,3374798,-
3374804,3375442,-
3375837,3376229,-
3376245,3376673,-
3376892,3378019,-
3381352,3382290,-
3383879,3384151,-
3384243,3386210,-
3386216,3387148,-
3387156,3387359,-
3388605,3390050,-
3390480,3394280,-
3394348,3395817,-
3395807,3396400,-
3396409,3396897,-
3396897,3398000,-
3398066,3399109,-
3399414,3401354,-
3410825,3411487,-
3427788,3428045,-
3428042,3428860,-
3428865,3429437,-
3429442,3429984,-
3430013,3430486,-
3430458,3431582,-
3436453,3436671,-
3436727,3437152,-
3437163,3437531,-
3437638,3438021,-
3438062,3439051,-
3439077,3439697,-
3439731,3440120,-
3440137,3440493,-
3440640,3440756,-
3440788,3442119,-
3442127,3442561,-
3442565,3442744,-
3442748,3443251,-
3443266,3443619,-
3443629,3444162,-
3444175,3444567,-
3444601,3444906,-
3444921,3445460,-
3445475,3445789,-
3445800,3446171,-
3446336,3446590,-
3446590,3446781,-
3446781,3447191,-
3447204,3447905,-
3447923,3448255,-
3448270,3448548,-
3448565,3449386,-
3449404,3449706,-
3449703,3450308,-
3450319,3450948,-
3450981,3451292,-
3451530,3451949,-
3451951,3453420,-
3464271,3464747,-
3464819,3465013,-
3465182,3467875,-
3468167,3469351,-
3469422,3471536,-
3471564,3472103,-
3472200,3472574,-
3472700,3472987,-
3472995,3473354,-
3473354,3473740,-
3473740,3474462,-
3474629,3475441,-
3475929,3476519,-
3476614,3476814,-
3476824,3478629,-
3478629,3479183,-
3483436,3483840,-
3486982,3488202,-
3488288,3488851,-
3488883,3489485,-
3489475,3489642,-
3489747,3490319,-
3502957,3504042,-
3504054,3505358,-
3505370,3505723,-
3505734,3506612,-
3506609,3507835,-
3507835,3508998,-
3509082,3509444,-
3509461,3510366,-
3510656,3511660,-
3511653,3512411,-
3512404,3513081,-
3513099,3513935,-
3514042,3515328,-
3515420,3516508,-
3516565,3517086,-
3517487,3518725,-
3518637,3519041,-
3519031,3519471,-
3519455,3519994,-
3519994,3520773,-
3523611,3524171,-
3528737,3530461,-
3532538,3533890,-
3533887,3534606,-
3542096,3542866,-
3546008,3548092,-
3548102,3550495,-
3553855,3554871,-
3554875,3556101,-
3557870,3558628,-
3558645,3559475,-
3559520,3559846,-
3561810,3562028,-
3562157,3564604,-
3564623,3566056,-
3566056,3567351,-
3567369,3569342,-
3569339,3571525,-
3571798,3572901,-
3573744,3575084,-
3575088,3575615,-
3575754,3576749,-
3576973,3577668,-
3577791,3578828,-
3583104,3584846,-
3585393,3586136,-
3586133,3587203,-
3587205,3588050,-
3588047,3588934,-
3589032,3590348,-
3590747,3591460,-
3591462,3592229,-
3592226,3593503,-
3593500,3594426,-
3594474,3595583,-
3596578,3597681,-
3597952,3598806,-
3599051,3600109,-
3600102,3600770,-
3600773,3602266,-
3603274,3603633,-
3606774,3607019,-
3608539,3609756,-
3623702,3624826,-
3624826,3627561,-
3627558,3628625,-
3628991,3630613,-
3630875,3631288,-
3634231,3635433,-
3637408,3637743,-
3640403,3641155,-
3641163,3643205,-
3645728,3645856,-
3650205,3651221,-
3653278,3653925,-
3653989,3654315,-
3654431,3654763,-
3661913,3662641,-
3663009,3663833,-
3664203,3665603,-
3665814,3667211,-
3669315,3669917,-
3674313,3676373,-
3676443,3677210,-
3678467,3679963,-
3680184,3681470,-
3681653,3683641,-
3683723,3687196,-
3687178,3688284,-
3688291,3690630,-
3690641,3693259,-
3693256,3694008,-
3694020,3694208,-
3698003,3698110,-
3699887,3700891,-
3700888,3701871,-
3701882,3702784,-
3702794,3703813,-
3704121,3705728,-
3706807,3708498,-
3708822,3710030,-
3710259,3710957,-
3712084,3714417,-
3716357,3717067,-
3718471,3718655,-
3718471,3718623,-
3720351,3722420,-
3722430,3723341,-
3723436,3723735,-
3724947,3725384,-
3725430,3725771,-
3725940,3727394,-
3727466,3728788,-
3734376,3735200,-
3739132,3739605,-
3739707,3740555,-
3748836,3748937,-
3749151,3749891,-
3750986,3752122,-
3752128,3752451,-
3752996,3754534,-
3754699,3755850,-
3756040,3757884,-
3757881,3759272,-
3759370,3759978,-
3768266,3769402,-
3769405,3769767,-
3774194,3774403,-
3779764,3780585,-
3780665,3781684,-
3781684,3782151,-
3782214,3782465,-
3782607,3783038,-
3787070,3788104,-
3788343,3789368,-
3789378,3790574,-
3790849,3791706,-
3796262,3797335,-
3797368,3798219,-
3798290,3798988,-
3799006,3800022,-
3800062,3801081,-
3801081,3802160,-
3802204,3803139,-
3803176,3803973,-
3803966,3805090,-
3805087,3806121,-
3808366,3809175,-
3809273,3809440,-
3809461,3809697,-
3809914,3810582,-
3813150,3813791,-
3813886,3814572,-
3817511,3819193,-
3825483,3826688,-
3830242,3832560,-
3832570,3833952,-
3837198,3838016,-
3838572,3839762,-
3839973,3840425,-
3840478,3841812,-
3843799,3845190,-
3845328,3846647,-
3846657,3848159,-
3848159,3848749,-
3848825,3849115,-
3849119,3850807,-
3850913,3851011,-
3853137,3853634,-
3853631,3853993,-
3853983,3854330,-
3854934,3856427,-
3856424,3858139,-
3859196,3860010,-
3860010,3861626,-
3862635,3864296,-
3864492,3864920,-
3865032,3865445,-
3866085,3867299,-
3868461,3869753,-
3869873,3871021,-
3871018,3871635,-
3871619,3872497,-
3872494,3873183,-
3874163,3874975,-
3875090,3875488,-
3875728,3878142,-
3878171,3879244,-
3879244,3880344,-
3880349,3881752,-
3893295,3894632,-
3896694,3897416,-
3897431,3898600,-
3898627,3900243,-
3900312,3901724,-
3901743,3903620,-
3903754,3904590,-
3904876,3905601,-
3905616,3906389,-
3906572,3907462,-
3907462,3908421,-
3908508,3909548,-
3909862,3911691,-
3911853,3913223,-
3913576,3913995,-
3914016,3915398,-
3915425,3916288,-
3916339,3917880,-
3917893,3918426,-
3918441,3918911,-
3918973,3919212,-
3919259,3920074,-
3920083,3920463,-
3921080,3921703,-
3921767,3923656,-
3924035,3924478,-
3924568,3925026,-
3926175,3927626,-
3927620,3929116,-
3937208,3938635,-
3938658,3939350,-
3945151,3945990,-
3946472,3947992,-
3954950,3955843,-
3957555,3957836,-
3958035,3958277,-
3960768,3962252,-
3962388,3963653,-
3982375,3984030,-
3984709,3985905,-
3985908,3987089,-
3987111,3987851,-
3987848,3988789,-
3991762,3992082,-
3998315,3999079,-
4000442,4000822,-
4000836,4001216,-
4001311,4002201,-
4002253,4002720,-
4006462,4007082,-
4009886,4010839,-
4013377,4014192,-
4022356,4022844,-
4025632,4026795,-
4026805,4028994,-
4038929,4039456,-
4039438,4040022,-
4043693,4044625,-
4048156,4048788,-
4051670,4051780,-
4051892,4053301,-
4053313,4054362,-
4054648,4056057,-
4061626,4062318,-
4062386,4063789,-
4063832,4065217,-
4065263,4067299,-
4067498,4068424,-
4068538,4069779,-
4069796,4070674,-
4070698,4071594,-
4078322,4079251,-
4079248,4079883,-
4079880,4080782,-
4080795,4083845,-
4086130,4087878,-
4087878,4088948,-
4088938,4090389,-
4090400,4090846,-
4091147,4091461,-
4091471,4092295,-
4092746,4094005,-
4094002,4095471,-
4097514,4098548,-
4101625,4102998,-
4102995,4103693,-
4108763,4109530,-
4109638,4110237,-
4111749,4112495,-
4112592,4113602,-
4113737,4115245,-
4115268,4116113,-
4116868,4117353,-
4117446,4118372,-
4118439,4119770,-
4119780,4120310,-
4120403,4121362,-
4121454,4122479,-
4122635,4124833,-
4125309,4125917,-
4126101,4126418,-
4135063,4135680,-
4135955,4137058,-
4137069,4137731,-
4137743,4140244,-
4145489,4146340,-
4146555,4148288,-
4148470,4151121,-
4151719,4152870,-
4157413,4158813,-
4160193,4161293,-
4172099,4173049,-
4188758,4189891,-
4189888,4190658,-
4190660,4190860,-
4190844,4191599,-
4191592,4192227,-
4192227,4194122,-
4194355,4194831,-
4199286,4199711,-
4202665,4203954,-
4203966,4205555,-
4211703,4212146,-
4218324,4220510,-
4220827,4221651,-
4227476,4228165,-
4229382,4229654,-
4229907,4231256,-
4237800,4238078,-
4238802,4240277,-
4240649,4241539,-
4241554,4243098,-
4243252,4244442,-
4252066,4254489,-
4257511,4258026,-
4261271,4262254,-
4266832,4267035,-
4269072,4271894,-
4272783,4273064,-
4275083,4275406,-
4279806,4281098,-
4281276,4282925,-
4282922,4283236,-
4283436,4285394,-
4294459,4295148,-
4295242,4297389,-
4297587,4299053,-
4299050,4301101,-
4301101,4302132,-
4302151,4302426,-
4302635,4304620,-
4304893,4305822,-
4305806,4306501,-
4306512,4307492,-
4307471,4309003,-
4309130,4310065,-
4310124,4311014,-
4312367,4313125,-
4313127,4313561,-
4313548,4314105,-
4314105,4315241,-
4315238,4315918,-
4316029,4316787,-
4316784,4317629,-
4317622,4318686,-
4318686,4319270,-
4319267,4319719,-
4319720,4320445,-
4320466,4320837,-
4321359,4322375,-
4322400,4323188,-
4323321,4323764,-
4324422,4324757,-
4330204,4331295,-
4331305,4331973,-
4331970,4333613,-
4333717,4335054,-
4335191,4335952,-
4336277,4338544,-
4338743,4339651,-
4342952,4343581,-
4343703,4345349,-
4345427,4346767,-
4347338,4348057,-
4348054,4349685,-
4351223,4352740,-
4352977,4354434,-
4354493,4356640,-
4356720,4358054,-
4358419,4359957,-
4360214,4360294,-
4360756,4361331,-
4361368,4363065,-
4363041,4363379,-
4363495,4364796,-
4364914,4366350,-
4367179,4368435,-
4371388,4372257,-
4372652,4373680,-
4375212,4375745,-
4375834,4376967,-
4377030,4377389,-
4377400,4377795,-
4377806,4378540,-
4378533,4380341,-
4384070,4387393,-
4387415,4388383,-
4388480,4389532,-
4390951,4392090,-
4414040,4414315,-
4414464,4414793,-
4415721,4416476,-
4416584,4417648,-
4422539,4422814,-
4424651,4425445,-
4426102,4426740,-
4429344,4430006,-
4430114,4431079,-
4431187,4432047,-
4432645,4434588,-
4436731,4437285,-
4437895,4439238,-
4439561,4440199,-
4447145,4447675,-
4452634,4453632,-
4455337,4455888,-
4457923,4458387,-
4458545,4460683,-
4461077,4462732,-
4462782,4464203,-
4464322,4465269,-
4468550,4468936,-
4469009,4469470,-
4469483,4470418,-
4470422,4470556,-
4470837,4471232,-
4471363,4472076,-
4475330,4476334,-
4477057,4477560,-
4479005,4481860,-
4481860,4482303,-
4482463,4483974,-
4486584,4488086,-
4488164,4489162,-
4489229,4490548,-
4490610,4491374,-
4491398,4492429,-
4493213,4494232,-
4497616,4498557,-
4500126,4501454,-
4504649,4504879,-
4505489,4506640,-
4506699,4506965,-
4508713,4509480,-
4509481,4510437,-
4510434,4511432,-
4511429,4512331,-
4512376,4514700,-
4514787,4515740,-
4515737,4516258,-
4517361,4518347,-
4518694,4520043,-
4520150,4522117,-
4522128,4523033,-
4523038,4523826,-
4524129,4524911,-
4524928,4525560,-
4525572,4526003,-
4526134,4526940,-
4526953,4528266,-
4528278,4528556,-
4528553,4529674,-
4530073,4530333,-
4530460,4531206,-
4531262,4531807,-
4531819,4532076,-
4532453,4532698,-
4534637,4535617,-
4535682,4536788,-
4536808,4537524,-
4547976,4549319,-
4553513,4554343,-
4555401,4556312,-
4556377,4557549,-
4557562,4558023,-
4558020,4558703,-
4559520,4560698,-
4560766,4561626,-
4561945,4562712,-
4562722,4563873,-
4563989,4565269,-
4565310,4566542,-
4568185,4569597,-
4574935,4575981,-
4575981,4577360,-
4577522,4577863,-
4578091,4579485,-
4579482,4581071,-
4581272,4584784,-
4585932,4586888,-
4586899,4587102,-
4587152,4589302,-
4591384,4592745,-
4592960,4593874,-
4595173,4597464,-
4597718,4598212,-
4598261,4598998,-
4599001,4599540,-
4599647,4600120,-
4600111,4600881,-
4602898,4603686,-
4604692,4605723,-
4612703,4613566,-
4613538,4615088,-
4621124,4622140,-
4622168,4622812,-
4626878,4628545,-
4631256,4631768,-
4632464,4633333,-
4637613,4638329,-
