0,0,-
5683,6459,-
6529,7959,-
9928,10494,-
10643,11356,-
11382,11786,-
16751,16903,-
16751,16960,-
19796,20563,-
19811,20314,-
20233,20508,-
20815,21078,-
34781,35371,-
35377,36162,-
36271,37824,-
37898,39115,-
39244,40386,-
40417,41931,-
50380,51222,-
51229,51606,-
51609,52430,-
52427,53416,-
53416,54702,-
54755,57109,-
59687,60346,-
60358,63264,-
63429,65780,-
65855,66550,-
66835,68337,-
68348,70048,-
72229,72927,-
72911,74521,-
74497,75480,-
75644,77299,-
78848,79453,-
79464,80864,-
80867,81958,-
81958,83529,-
83622,83708,-
111649,111846,-
111856,112599,-
112599,113219,-
114522,115724,-
115714,117099,-
117109,117549,-
117752,118645,-
120178,121551,-
129407,131260,-
134788,135582,-
135598,136464,-
136570,136917,-
138835,141225,-
142008,142670,-
146314,146694,-
147944,148795,-
148807,149601,-
149715,150953,-
151003,151599,-
151626,152231,-
152243,152812,-
152829,155426,-
155461,156201,-
156299,156883,-
157253,157732,-
157729,159126,-
159186,160112,-
160149,160604,-
160782,161486,-
161501,162031,-
173602,174882,-
177001,177624,-
177662,178462,-
178455,179153,-
183709,184095,-
184257,185069,-
185123,185947,-
185978,188650,-
188712,189506,-
213678,213932,-
213925,214125,-
216179,217003,-
217057,218775,-
218887,219594,-
219591,219995,-
220113,220928,-
220968,221621,-
221614,222645,-
229967,230881,-
232597,233955,-
234027,234782,-
235535,236002,-
238257,238736,-
238746,239102,-
239419,240189,-
240859,243303,-
245065,245805,-
245961,246239,-
246242,246502,-
248358,250070,-
254259,255716,-
257908,258675,-
259045,260100,-
263150,263212,-
263328,263669,-
263690,264007,-
264026,264247,-
264256,264732,-
264748,265206,-
265304,265543,-
265620,266087,-
266110,266553,-
266553,266774,-
266776,266967,-
267184,268005,-
268097,268960,-
269289,270182,-
273955,275149,-
274101,275117,-
277756,278802,-
278814,279161,-
279163,279930,-
279178,279681,-
279600,279875,-
280114,280362,-
280114,280425,-
280427,280735,-
280829,281983,-
288404,289162,-
289301,290305,-
290634,291401,-
290649,291152,-
291071,291346,-
292322,292948,-
293220,293918,-
293945,294799,-
295139,295579,-
295696,297096,-
297381,297719,-
297714,297791,-
297770,298726,-
298736,300934,-
300931,301887,-
301884,302573,-
303853,304182,-
304495,305205,-
305174,306817,-
306807,309332,-
309358,310026,-
310084,310671,-
310746,311336,-
312374,312514,-
312514,312777,-
313141,313242,-
313716,313805,-
316486,317169,-
317726,318319,-
318331,318567,-
318676,320001,-
324696,325364,-
325577,327247,-
327261,328733,-
328747,329334,-
333501,334433,-
334525,335022,-
345666,346337,-
346857,348443,-
357791,358690,-
361249,361860,-
361926,363179,-
363231,366305,-
366428,367510,-
367587,368420,-
377535,378368,-
378462,379571,-
379606,379881,-
380069,380842,-
380844,381259,-
382591,382872,-
382739,383935,-
384059,384616,-
388753,389727,-
391709,392966,-
391739,392605,-
392602,392901,-
395130,396287,-
399025,399333,-
399829,400923,-
404835,405644,-
409108,410019,-
411297,412481,-
412607,415753,-
415750,416952,-
424337,424918,-
431129,432013,-
432312,432851,-
437161,438135,-
438315,440177,-
440202,441101,-
441101,441343,-
443051,443641,-
443604,444515,-
445302,446666,-
446815,447705,-
447717,448046,-
448046,448660,-
448650,450641,-
450663,451610,-
452070,453545,-
453589,454167,-
464852,465547,-
465612,467312,-
474301,475161,-
475982,476371,-
477067,478617,-
478781,479251,-
479367,479918,-
480090,480308,-
480334,480708,-
481254,484403,-
484426,485619,-
490110,490271,-
490285,490812,-
499014,499973,-
501562,503238,-
503476,504696,-
506603,507082,-
507286,508080,-
508875,511379,-
514401,514859,-
514856,515773,-
517425,518279,-
518340,519149,-
519139,519765,-
529595,529660,-
529595,530016,-
529660,530016,-
530132,531226,-
531295,532221,-
543261,544046,-
544057,545292,-
545314,546363,-
551527,552594,-
552591,553100,-
553218,553940,-
553943,554437,-
556032,556553,-
556661,556873,-
556875,557741,-
563848,564480,-
564815,565978,-
565858,566079,-
566098,566376,-
574529,574586,-
574591,575785,-
574737,575753,-
575786,576825,-
578600,578893,-
579184,579594,-
580251,580445,-
582152,582804,-
582152,582806,-
582803,582806,-
584680,585633,-
586147,586908,-
587091,587981,-
587982,590954,-
590941,593178,-
593328,594770,-
594760,595443,-
603416,604663,-
604771,605424,-
605518,605886,-
605951,606199,-
606265,607383,-
609459,610079,-
610254,612494,-
619384,620199,-
620196,621188,-
621185,622189,-
623554,624510,-
632389,633477,-
634747,635376,-
635349,636569,-
636716,637618,-
637827,638573,-
641439,641867,-
643557,643967,-
644197,645003,-
645117,646580,-
646631,647509,-
647484,648035,-
648039,649571,-
649582,650490,-
650487,650783,-
650798,651856,-
654583,655968,-
657555,657938,-
659251,660216,-
660425,661378,-
661637,662278,-
662379,662642,-
662752,663963,-
664102,665190,-
665201,666313,-
666316,668217,-
668248,668715,-
668719,669036,-
669296,669907,-
669931,670572,-
670574,671605,-
671605,672186,-
672201,674783,-
675570,676547,-
678852,679406,-
681723,683393,-
683477,684412,-
684530,685255,-
685255,685929,-
685929,686669,-
686839,687747,-
687851,689045,-
687997,689013,-
689343,690881,-
690906,691784,-
691874,692341,-
692338,693378,-
693531,694955,-
696430,696504,-
696542,696616,-
696664,696740,-
696756,696830,-
696865,696939,-
696963,697047,-
697057,697133,-
697513,699177,-
699574,700326,-
700374,701594,-
701603,702751,-
702811,703611,-
710200,710646,-
710639,710725,-
710935,711465,-
711605,711898,-
712038,712802,-
715947,716597,-
716721,716870,-
716946,718265,-
718262,720460,-
721056,721733,-
721730,724414,-
724407,724979,-
724988,727036,-
727059,728732,-
728732,728821,-
741075,742556,-
746723,747769,-
747921,748982,-
748979,749707,-
749722,752169,-
752229,752795,-
753185,754468,-
765153,765875,-
783882,784823,-
784937,785317,-
786843,787595,-
787797,788837,-
788831,789979,-
789983,791029,-
791039,792055,-
792316,793788,-
793856,794644,-
797613,798431,-
799622,800575,-
805998,807281,-
807433,807909,-
807968,809257,-
815739,816647,-
821542,822498,-
822498,823739,-
823736,824497,-
825002,826108,-
826119,827252,-
827245,828981,-
828974,829972,-
829972,830643,-
832468,832950,-
837665,837925,-
838190,838456,-
838530,839207,-
839249,841531,-
841796,842056,-
843255,845480,-
845741,846463,-
846460,847119,-
847258,848004,-
848408,848911,-
849210,850097,-
851014,852597,-
852869,852997,-
854824,855744,-
857796,859061,-
859213,860028,-
860174,862606,-
862612,863511,-
864380,865129,-
865129,866364,-
876710,878035,-
879854,880480,-
881976,882734,-
882792,883388,-
884946,885230,-
885316,886131,-
886131,887339,-
887976,888054,-
888134,889819,-
890496,890753,-
899844,900575,-
900866,901534,-
901534,902250,-
902257,902988,-
903006,903734,-
903952,904467,-
905740,906753,-
906852,908282,-
908293,909294,-
909331,911049,-
911182,912150,-
912162,913814,-
913958,914857,-
915352,916047,-
918128,919120,-
922366,922590,-
925884,925971,-
926225,926443,-
926728,927432,-
927474,929195,-
929196,930962,-
931085,932050,-
944931,945557,-
948660,949568,-
950340,951080,-
951272,953554,-
953609,954466,-
954872,956632,-
972622,973401,-
984519,985709,-
985894,986982,-
987585,988985,-
989154,990356,-
993277,994044,-
994041,994832,-
994843,995988,-
995985,996944,-
996937,997512,-
1006491,1007600,-
1015952,1016470,-
1016539,1018299,-
1019013,1020053,-
1020410,1020919,-
1021730,1023883,-
1023902,1024348,-
1026557,1027015,-
1027111,1027773,-
1028404,1028721,-
1028779,1029969,-
1030339,1030668,-
1030759,1031418,-
1031625,1031712,-
1042030,1044210,-
1044230,1044676,-
1044664,1045803,-
1045849,1047945,-
1047945,1048691,-
1048688,1049332,-
1049439,1049744,-
1050963,1051175,-
1052289,1053362,-
1053434,1056178,-
1057262,1057954,-
1062550,1062855,-
1062855,1063775,-
1066864,1067091,-
1067112,1067708,-
1068511,1069839,-
1069860,1070354,-
1070365,1070955,-
1070965,1071765,-
1071773,1072159,-
1072171,1072863,-
1072863,1074011,-
1074920,1078882,-
1086106,1086519,-
1086521,1087846,-
1087839,1089857,-
1089866,1092289,-
1094245,1095502,-
1094275,1095141,-
1095138,1095437,-
1097565,1097652,-
1100851,1101684,-
1101711,1102127,-
1102152,1102541,-
1102546,1103196,-
1107784,1108941,-
1113807,1114181,-
1114264,1115490,-
1115662,1116582,-
1117901,1118476,-
1118480,1119046,-
1119307,1119447,-
1119468,1120586,-
1120701,1120955,-
1121242,1121487,-
1121561,1122607,-
1122713,1123273,-
1123407,1124054,-
1124118,1125326,-
1129414,1129830,-
1129835,1130128,-
1130204,1130863,-
1141182,1144367,-
1146011,1146595,-
1159362,1161551,-
1168200,1168832,-
1169412,1170374,-
1170518,1173964,-
1174092,1175165,-
1180479,1181267,-
1181264,1181725,-
1181783,1182829,-
1182826,1183620,-
1183617,1184444,-
1184458,1185594,-
1187119,1188240,-
1188316,1189776,-
1189776,1190447,-
1190616,1191986,-
1191990,1192631,-
1192667,1193773,-
1193827,1194288,-
1194298,1194951,-
1196867,1197532,-
1197533,1198237,-
1199679,1200806,-
1200787,1201032,-
1201776,1202084,-
1202259,1202933,-
1208517,1209119,-
1209119,1209619,-
1211680,1212003,-
1212703,1213107,-
1213328,1214059,-
1214264,1215475,-
1222305,1222634,-
1222644,1222988,-
1222990,1223163,-
1224279,1224545,-
1224549,1225361,-
1225385,1226080,-
1227071,1227472,-
1229483,1230394,-
1232500,1233030,-
1233176,1234717,-
1235709,1237241,-
1240335,1242071,-
1242166,1243080,-
1243793,1244527,-
1245679,1247376,-
1247696,1249114,-
1249125,1249757,-
1249768,1250838,-
1253085,1255952,-
1256721,1257812,-
1257929,1258513,-
1259124,1260803,-
1260928,1261875,-
1262026,1262877,-
1262877,1263500,-
1269168,1269275,-
1269703,1269810,-
1270238,1270345,-
1270749,1271849,-
1273246,1273599,-
1275179,1275829,-
1275822,1277618,-
1287066,1287236,-
1287087,1287176,-
1287244,1287328,-
1287538,1287622,-
1287782,1288624,-
1288674,1289132,-
1292509,1292922,-
1294426,1294992,-
1294426,1295322,-
1294426,1295405,-
1294992,1295141,-
1295140,1295322,-
1295446,1298121,-
1306821,1307150,-
1307185,1308645,-
1309016,1310269,-
1310569,1310865,-
1311848,1312246,-
1312351,1312890,-
1312920,1313663,-
1314718,1315224,-
1315270,1315770,-
1315856,1316035,-
1316416,1317222,-
1317222,1318415,-
1318427,1319788,-
1319789,1321384,-
1321384,1322946,-
1323038,1323082,-
1327767,1328357,-
1328354,1329112,-
1330417,1330668,-
1338570,1339160,-
1343110,1343328,-
1343597,1344346,-
1344436,1344609,-
1344757,1346742,-
1346978,1348912,-
1348980,1350107,-
1350251,1351039,-
1351407,1351760,-
1351828,1352634,-
1352636,1353628,-
1353628,1354518,-
1354505,1355470,-
1355467,1357110,-
1357423,1357668,-
1357802,1359187,-
1359490,1360908,-
1366935,1367912,-
1382963,1383961,-
1388305,1388811,-
1389870,1390598,-
1390725,1390862,-
1390868,1390933,-
1390933,1391853,-
1394891,1395922,-
1397672,1398622,-
1398774,1399526,-
1399721,1400236,-
1400247,1401773,-
1401810,1403255,-
1403255,1404565,-
1405656,1405751,-
1406563,1407795,-
1411013,1411948,-
1412000,1413235,-
1413237,1413452,-
1413531,1413740,-
1413733,1413927,-
1413984,1414793,-
1414786,1417386,-
1417488,1417763,-
1417838,1418008,-
1418008,1418229,-
1419156,1419311,-
1419322,1419456,-
1419765,1420241,-
1427599,1428794,-
1427746,1428726,-
1433084,1433674,-
1433991,1434224,-
1434958,1435008,-
1435185,1435619,-
1435760,1436893,-
1437260,1440784,-
1441321,1441743,-
1441854,1442843,-
1446378,1447283,-
1449076,1451349,-
1451597,1453642,-
1465165,1465230,-
1467910,1469240,-
1467921,1468826,-
1468784,1469149,-
1482255,1482860,-
1489713,1489964,-
1489713,1490713,-
1489964,1490713,-
1491443,1491506,-
1491922,1492071,-
1491962,1492129,-
1494148,1495071,-
1499469,1500449,-
1503218,1503649,-
1504905,1506080,-
1508834,1509064,-
1517099,1517194,-
1517882,1518331,-
1518328,1518846,-
1520963,1523065,-
1524481,1525980,-
1533282,1533851,-
1534965,1535858,-
1535937,1536617,-
1536614,1537309,-
1537309,1538853,-
1538850,1542590,-
1542672,1544060,-
1544384,1544764,-
1544384,1545714,-
1544764,1545714,-
1545750,1546028,-
1546288,1547169,-
1552398,1552682,-
1552828,1553838,-
1553972,1555669,-
1555826,1555963,-
1556065,1556280,-
1557112,1558038,-
1558031,1559017,-
1559014,1559910,-
1559907,1560929,-
1560931,1562481,-
1562495,1563076,-
1563334,1565733,-
1565758,1567140,-
1567504,1568823,-
1568954,1570489,-
1570645,1572045,-
1572407,1575202,-
1575247,1577619,-
1577657,1579342,-
1579633,1580790,-
1580842,1582524,-
1582926,1583687,-
1583762,1583959,-
1584207,1586486,-
1586820,1587734,-
1587793,1588296,-
1588309,1588839,-
1588853,1590079,-
1590334,1590426,-
1590334,1590536,-
1590426,1590536,-
1590750,1590777,-
1590854,1592176,-
1592176,1592442,-
1592665,1597987,-
1598617,1600209,-
1600288,1601241,-
1608108,1609022,-
1609229,1610680,-
1610907,1611854,-
1611966,1612325,-
1612325,1613251,-
1613315,1614703,-
1618243,1618908,-
1620238,1621137,-
1622817,1622914,-
1622960,1623850,-
1624105,1624497,-
1625335,1627380,-
1629453,1630913,-
1631002,1632285,-
1632286,1652743,-
1634310,1634885,-
1634885,1635847,-
1635840,1636367,-
1637609,1637782,-
1637954,1638109,-
1638455,1638667,-
1639030,1639527,-
1639080,1639334,-
1639524,1640057,-
1640054,1640365,-
1640370,1640585,-
1641339,1641554,-
1642489,1643241,-
1643255,1644304,-
1644651,1644902,-
1645119,1645274,-
1645346,1645633,-
1645633,1645872,-
1647174,1647356,-
1647358,1647636,-
1647620,1647850,-
1652755,1652838,-
1652896,1653915,-
1653927,1655141,-
1655347,1655673,-
1656747,1657457,-
1666524,1667219,-
1667344,1668564,-
1668699,1669592,-
1672820,1673149,-
1673136,1673501,-
1674972,1676360,-
1676371,1677903,-
1681695,1682030,-
1685185,1686588,-
1686731,1688377,-
1691586,1692851,-
1692890,1694263,-
1694260,1696071,-
1696462,1697052,-
1697273,1698040,-
1698152,1699180,-
1703268,1704308,-
1715026,1715889,-
1715948,1717222,-
1717351,1718007,-
1718066,1718395,-
1718493,1719602,-
1720390,1720824,-
1724134,1724655,-
1724736,1725632,-
1725681,1725920,-
1733754,1734101,-
1736121,1737290,-
1737456,1737545,-
1738866,1739798,-
1742601,1743242,-
1744871,1746127,-
1748747,1749559,-
1749563,1750348,-
1750345,1751013,-
1751077,1751724,-
1751728,1753830,-
1753851,1754477,-
1754932,1755141,-
1757721,1758725,-
1758874,1759290,-
1759303,1760523,-
1760520,1761791,-
1761766,1762512,-
1762522,1764009,-
1764018,1764386,-
1764713,1764780,-
1764934,1765122,-
1765222,1765632,-
1765629,1768685,-
1778390,1779301,-
1784734,1787112,-
1789808,1791244,-
1791307,1792020,-
1792267,1792731,-
1792809,1793558,-
1793558,1794109,-
1794172,1795152,-
1795253,1795552,-
1795557,1797944,-
1797959,1798942,-
1799226,1799270,-
1799393,1799749,-
1799802,1799999,-
1800096,1800638,-
1800642,1802570,-
1805325,1806083,-
1808697,1809233,-
1812329,1813132,-
1813421,1813663,-
1816386,1817135,-
1817148,1818500,-
1818605,1819447,-
1819455,1819805,-
1819856,1821214,-
1821299,1821619,-
1821918,1822256,-
1824362,1824937,-
1825140,1825625,-
1825955,1826923,-
1826916,1828259,-
1828256,1829734,-
1829731,1830765,-
1830762,1831982,-
1840783,1841403,-
1841863,1842135,-
1843831,1844871,-
1844999,1846960,-
1846965,1848008,-
1848125,1848676,-
1852621,1853979,-
1854096,1854854,-
1854991,1855971,-
1855981,1856928,-
1856933,1857769,-
1857790,1858833,-
1858850,1860229,-
1860256,1861332,-
1861702,1861974,-
1862016,1862429,-
1864782,1865636,-
1865726,1866472,-
1874078,1874182,-
1874755,1875576,-
1877278,1877532,-
1879007,1879255,-
1879403,1879585,-
1879589,1879948,-
1880121,1880759,-
1880886,1881809,-
1886864,1887991,-
1888061,1889746,-
1889951,1890532,-
1890572,1891267,-
1891325,1893235,-
1894552,1894731,-
1900029,1901585,-
1906251,1907060,-
1907226,1907435,-
1907448,1907591,-
1908261,1908548,-
1908623,1908766,-
1909308,1910099,-
1911695,1912576,-
1912768,1914816,-
1914836,1915534,-
1915631,1916128,-
1922313,1922969,-
1923164,1923284,-
1923365,1923706,-
1923719,1924591,-
1924595,1924969,-
1926779,1928839,-
1929048,1929707,-
1930034,1930390,-
1930457,1930747,-
1932115,1932756,-
1932793,1934604,-
1934839,1936314,-
1939222,1940193,-
1940313,1941635,-
1941651,1942583,-
1944346,1945356,-
1945365,1945976,-
1946115,1946180,-
1946855,1947376,-
1947411,1948151,-
1948180,1948632,-
1948750,1950522,-
1954578,1957007,-
1957032,1958132,-
1958520,1959266,-
1959280,1959846,-
1962580,1962972,-
1962972,1965050,-
1965043,1966191,-
1966393,1967037,-
1967048,1967437,-
1967452,1968501,-
1968504,1969364,-
1969383,1970984,-
1971030,1972691,-
1972836,1973339,-
1973360,1975324,-
1975329,1976255,-
1976252,1977139,-
1977266,1977844,-
1977847,1978197,-
1978503,1979270,-
1978518,1979021,-
1978940,1979215,-
1980188,1981612,-
1981587,1982387,-
1982554,1983540,-
1983555,1985069,-
1985139,1986128,-
1987507,1987758,-
1987873,1987959,-
1989251,1989490,-
1990954,1991619,-
1991815,1991901,-
1991914,1991987,-
1992042,1992117,-
1992269,1992817,-
1992874,1994706,-
1994703,1995359,-
1996110,1996832,-
1997062,1997814,-
1997811,1998479,-
1998494,1999480,-
1999585,2000385,-
2000473,2001024,-
2001070,2001789,-
2002110,2003606,-
2007677,2008090,-
2011223,2011357,-
2011223,2012351,-
2011363,2012040,-
2012040,2012351,-
2012700,2013014,-
2024635,2024823,-
2025227,2025313,-
2026323,2028017,-
2028188,2028370,-
2028449,2029366,-
2030448,2030918,-
2030899,2032317,-
2032384,2033079,-
2033119,2033484,-
2036794,2038152,-
2038152,2038823,-
2043468,2043557,-
2052276,2053328,-
2058027,2058102,-
2058203,2059690,-
2059964,2060914,-
2061016,2061933,-
2062391,2063323,-
2063388,2064467,-
2064479,2065222,-
2065219,2065764,-
2066068,2066154,-
2066159,2067353,-
2066305,2067321,-
2067360,2067458,-
2067360,2067892,-
2067458,2067892,-
2068261,2068419,-
2068941,2070271,-
2068952,2069857,-
2069815,2070180,-
2078549,2078677,-
2079032,2079361,-
2079533,2080591,-
2080789,2081262,-
2081381,2082547,-
2084226,2084453,-
2084467,2085525,-
2085704,2087062,-
2087052,2087114,-
2087329,2088258,-
2088304,2089128,-
2089211,2089465,-
2089462,2089713,-
2097321,2098301,-
2098447,2099613,-
2099862,2101268,-
2101396,2101744,-
2101749,2102943,-
2101895,2102911,-
2102944,2103389,-
2103391,2104509,-
2104494,2105084,-
2105065,2106057,-
2106060,2107226,-
2107226,2108329,-
2108337,2109584,-
2109581,2110138,-
2110138,2111019,-
2111077,2111976,-
2111976,2113061,-
2113434,2114327,-
2114502,2115896,-
2115907,2117127,-
2117124,2118404,-
2118680,2120158,-
2120160,2121554,-
2121609,2122979,-
2123084,2124520,-
2124523,2125746,-
2125743,2126222,-
2126225,2127190,-
2127193,2128314,-
2128340,2128888,-
2128904,2129650,-
2129661,2130878,-
2130853,2132070,-
2132067,2132555,-
2132558,2133397,-
2133490,2135652,-
2135655,2136098,-
2136104,2137243,-
2139759,2141612,-
2141634,2142215,-
2142307,2142948,-
2146692,2147540,-
2149039,2150985,-
2151711,2152472,-
2152469,2153128,-
2153349,2153408,-
2153681,2153737,-
2167198,2167826,-
2167302,2167520,-
2167602,2167814,-
2167989,2168306,-
2169693,2170167,-
2171429,2171727,-
2171833,2172873,-
2172921,2173362,-
2172921,2174278,-
2173365,2174278,-
2174282,2174566,-
2174597,2175049,-
2175059,2176321,-
2176350,2177204,-
2177512,2178564,-
2182035,2182781,-
2182833,2183651,-
2183716,2184516,-
2184513,2185301,-
2185524,2185796,-
2187380,2188414,-
2188430,2190910,-
2190926,2191645,-
2191680,2192222,-
2192515,2192796,-
2193059,2194168,-
2211726,2212196,-
2212243,2212962,-
2212959,2214644,-
2215745,2216476,-
2216481,2217407,-
2217400,2218557,-
2218564,2219481,-
2219692,2221989,-
2223938,2224870,-
2225044,2225631,-
2226509,2227270,-
2227323,2228609,-
2227323,2228758,-
2228609,2228758,-
2229438,2230385,-
2236743,2237753,-
2237769,2239289,-
2239350,2240348,-
2240628,2241668,-
2241810,2242967,-
2242984,2243652,-
2244778,2246769,-
2247063,2248532,-
2248737,2249618,-
2252895,2254145,-
2254245,2255186,-
2256085,2257335,-
2257429,2258367,-
2258355,2259296,-
2259719,2261410,-
2261427,2262365,-
2262365,2263495,-
2265041,2265295,-
2277893,2278237,-
2278570,2279760,-
2279788,2280483,-
2282940,2283947,-
2286390,2288914,-
2288919,2290113,-
2289065,2290081,-
2290114,2290180,-
2291358,2292410,-
2292407,2292964,-
2292961,2294904,-
2294901,2295380,-
2295377,2295586,-
2295583,2296320,-
2296362,2297024,-
2297021,2297644,-
2297657,2298259,-
2298269,2298718,-
2298715,2299578,-
2299565,2300260,-
2300267,2302753,-
2302750,2303013,-
2303003,2303497,-
2305108,2306754,-
2306972,2308615,-
2308691,2309341,-
2309341,2310405,-
2310479,2311534,-
2311646,2312749,-
2317027,2319876,-
2327367,2328143,-
2328148,2329797,-
2329798,2334402,-
2334336,2334959,-
2334956,2336644,-
2336793,2339420,-
2340417,2344169,-
2348822,2349472,-
2349935,2351011,-
2351016,2352374,-
2358042,2358845,-
2358863,2360152,-
2360209,2361414,-
2361429,2362211,-
2362431,2363633,-
2363733,2364275,-
2365018,2365620,-
2373272,2373538,-
2373648,2375003,-
2375000,2375962,-
2375962,2376819,-
2376834,2377592,-
2377589,2379259,-
2379348,2380643,-
2380722,2381027,-
2381082,2381543,-
2383995,2385722,-
2387710,2388426,-
2390048,2391505,-
2391512,2393041,-
2393205,2395046,-
2395043,2395345,-
2395342,2395896,-
2395908,2396450,-
2396465,2397442,-
2397439,2400165,-
2400218,2401555,-
2401552,2402052,-
2402055,2403845,-
2403951,2404613,-
2404629,2405072,-
2405703,2406641,-
2409520,2411352,-
2411439,2412089,-
2412100,2412594,-
2412677,2413132,-
2418634,2419176,-
2419234,2419788,-
2419841,2420485,-
2422649,2423539,-
2423736,2424509,-
2424517,2425233,-
2425230,2425916,-
2426006,2426788,-
2427009,2427791,-
2428057,2428626,-
2428721,2430238,-
2430275,2430763,-
2431022,2431684,-
2431674,2432942,-
2433012,2433926,-
2434082,2434741,-
2434824,2435636,-
2435636,2436649,-
2436715,2437851,-
2438942,2440120,-
2440385,2441605,-
2443891,2444169,-
2444203,2444751,-
2444751,2445560,-
2445560,2446384,-
2446388,2447473,-
2447508,2448440,-
2449228,2450049,-
2450051,2450590,-
2450587,2451075,-
2451072,2451584,-
2451584,2452336,-
2452356,2455001,-
2455083,2455646,-
2456327,2456812,-
2457015,2459159,-
2459159,2460469,-
2460650,2460934,-
2464252,2465007,-
2471077,2471517,-
2471544,2472122,-
2472118,2472387,-
2472387,2472881,-
2472878,2473585,-
2476694,2477629,-
2480638,2482176,-
2482176,2483339,-
2488023,2489168,-
2489242,2490186,-
2490256,2491950,-
2492004,2493254,-
2493767,2494402,-
2495050,2495292,-
2497057,2498295,-
2501990,2504485,-
2504510,2505547,-
2505547,2506632,-
2506647,2507894,-
2507916,2508242,-
2508461,2509426,-
2511468,2512706,-
2515643,2517832,-
2518041,2518116,-
2518156,2518231,-
2519257,2520672,-
2521593,2522477,-
2522729,2523985,-
2524045,2524878,-
2525930,2526856,-
2527941,2528159,-
2528161,2530176,-
2530247,2531233,-
2536386,2537237,-
2538672,2539583,-
2539717,2540814,-
2540804,2541679,-
2541679,2542512,-
2542512,2543528,-
2543832,2544623,-
2544752,2545609,-
2549646,2550545,-
2550641,2551216,-
2551277,2551726,-
2551713,2552138,-
2554130,2555182,-
2555228,2555728,-
2555741,2556400,-
2556410,2557297,-
2557318,2558679,-
2565481,2566884,-
2566881,2568107,-
2568324,2569511,-
2569501,2570337,-
2570348,2571751,-
2571763,2572050,-
2572157,2572450,-
2572489,2573505,-
2573502,2574305,-
2574302,2575003,-
2574978,2575457,-
2575470,2575805,-
2576098,2578377,-
2581734,2582777,-
2582903,2583478,-
2583546,2585525,-
2590807,2590866,-
2593072,2593770,-
2593844,2595859,-
2595874,2596737,-
2596905,2597618,-
2597831,2598865,-
2598882,2599760,-
2614820,2615881,-
2618075,2618776,-
2618871,2620160,-
2620246,2620872,-
2626695,2628938,-
2630958,2632535,-
2632604,2634070,-
2635599,2635814,-
2635884,2637356,-
2637474,2638652,-
2638663,2639283,-
2639301,2640575,-
2640686,2641804,-
2641831,2642844,-
2643129,2644283,-
2644433,2644864,-
2645013,2647325,-
2647326,2652287,-
2654157,2654933,-
2655075,2656358,-
2656536,2656736,-
2656748,2657083,-
2657085,2658935,-
2658952,2659467,-
2659563,2659886,-
2659903,2660289,-
2660317,2661531,-
2661643,2662131,-
2662583,2663323,-
2666707,2667846,-
2668006,2668071,-
2668006,2668896,-
2673816,2674688,-
2674700,2675761,-
2675827,2676825,-
2676850,2678361,-
2678384,2679367,-
2679464,2682745,-
2684254,2685507,-
2687070,2687408,-
2687469,2688803,-
2688793,2689506,-
2689671,2691098,-
2691157,2691340,-
2691656,2695543,-
2697354,2697857,-
2697915,2698550,-
2700117,2700197,-
2700618,2700998,-
2700998,2701729,-
2701741,2702469,-
2702481,2703386,-
2703383,2704063,-
2704335,2705309,-
2705325,2707124,-
2707322,2707801,-
2707798,2708754,-
2708754,2709404,-
2709437,2710012,-
2712027,2712764,-
2714439,2715320,-
2716066,2716449,-
2717491,2718528,-
2724448,2725746,-
2726069,2726188,-
2726281,2729184,-
2729369,2729444,-
2729616,2731157,-
2731600,2734173,-
2734153,2734295,-
2734303,2735034,-
2735031,2736011,-
2738948,2740069,-
2740080,2741150,-
2744183,2744530,-
2744572,2745339,-
2745370,2745918,-
2745937,2746185,-
2746434,2747795,-
2750115,2750708,-
2754008,2754298,-
2754288,2754764,-
2757644,2758600,-
2761351,2763540,-
2763537,2765153,-
2765513,2765776,-
2772002,2772154,-
2772167,2773066,-
2772167,2773182,-
2773066,2773182,-
2778146,2782726,-
2783065,2783304,-
2783638,2785011,-
2785762,2785837,-
2796337,2796786,-
2796870,2797028,-
2798091,2798495,-
2799650,2799994,-
2814218,2814733,-
2814883,2816439,-
2816512,2816940,-
2816937,2817503,-
2817784,2817860,-
2818059,2818135,-
2818198,2818274,-
2818473,2818549,-
2818553,2818645,-
2818961,2819146,-
2819381,2822011,-
2822139,2822639,-
2822708,2823769,-
2823849,2824346,-
2824491,2825576,-
2830775,2832289,-
2835173,2837425,-
2837578,2838105,-
2838254,2839264,-
2842573,2843043,-
2843036,2843446,-
2843443,2844210,-
2844210,2844752,-
2844762,2846471,-
2846489,2847412,-
2847415,2849241,-
2849238,2849849,-
2849974,2850435,-
2856453,2856806,-
2860467,2861234,-
2866559,2867551,-
2867614,2868753,-
2868893,2869519,-
2869513,2870274,-
2870255,2871304,-
2871301,2871780,-
2871780,2872490,-
2872509,2872820,-
2873014,2873337,-
2873387,2873992,-
2873992,2875419,-
2875421,2876329,-
2878569,2878853,-
2878855,2879772,-
2879788,2880387,-
2880374,2881048,-
2881051,2882142,-
2882155,2882637,-
2882630,2884138,-
2884553,2887219,-
2887578,2888312,-
2888387,2890099,-
2890099,2891898,-
2894919,2895779,-
2895776,2896555,-
2896533,2897870,-
2897964,2899418,-
2899488,2900273,-
2904747,2905418,-
2906643,2907941,-
2908029,2909666,-
2909894,2910685,-
2910756,2911091,-
2911091,2911339,-
2911417,2913651,-
2913699,2915000,-
2918045,2919385,-
2919406,2920746,-
2920748,2922100,-
2922535,2922984,-
2923002,2923784,-
2923784,2924113,-
2924156,2924524,-
2924735,2925280,-
2931865,2933013,-
2933041,2933688,-
2940143,2941243,-
2941236,2941631,-
2941650,2942567,-
2942918,2943145,-
2945036,2945842,-
2946081,2947178,-
2947757,2949010,-
2950635,2952461,-
2952461,2956003,-
2955996,2958884,-
2959060,2962428,-
2962441,2962764,-
2962749,2963156,-
2963153,2963716,-
2963707,2964177,-
2964361,2965155,-
2965162,2966037,-
2966188,2968434,-
2968447,2968977,-
2972669,2973862,-
2973855,2976014,-
2976102,2976189,-
2976304,2976385,-
2977637,2978899,-
2979943,2980635,-
2980764,2982182,-
2982497,2983258,-
2983288,2984124,-
2984411,2985592,-
2989819,2989899,-
2989935,2990360,-
2994460,2995092,-
2995314,2995760,-
2995314,2996020,-
2995760,2996020,-
2995962,2996360,-
2996361,2997691,-
2996372,2997277,-
2997235,2997600,-
2997692,2998828,-
2998984,2999057,-
2999136,2999891,-
3004008,3005786,-
3012614,3014239,-
3014287,3015057,-
3028524,3029012,-
3029012,3030931,-
3033657,3035174,-
3035184,3036206,-
3035184,3036282,-
3036208,3036282,-
3036373,3038106,-
3038112,3038822,-
3038847,3039743,-
3040416,3040823,-
3040804,3041070,-
3042489,3043148,-
3043312,3043623,-
3045158,3045901,-
3046168,3049041,-
3049160,3049549,-
3049573,3050667,-
3051115,3052317,-
3052340,3053518,-
3053515,3054840,-
3054866,3055444,-
3056890,3056949,-
3057178,3058410,-
3058666,3059325,-
3059381,3059701,-
3066277,3067173,-
3067340,3068080,-
3068173,3068808,-
3068947,3069807,-
3070165,3071244,-
3071459,3072622,-
3072672,3073691,-
3073976,3074689,-
3074686,3075195,-
3075217,3076182,-
3076179,3077456,-
3077471,3078859,-
3078887,3079330,-
3079644,3081635,-
3082877,3083797,-
3083935,3085911,-
3085920,3086051,-
3094100,3095080,-
3098558,3099565,-
3099682,3100728,-
3100904,3101623,-
3101807,3102133,-
3102133,3102852,-
3107020,3109155,-
3110590,3111126,-
3111128,3112090,-
3112093,3112941,-
3113067,3113477,-
3113543,3114352,-
3114550,3119112,-
3119597,3121279,-
3121634,3123805,-
3123827,3124231,-
3124236,3125459,-
3125470,3126522,-
3126522,3128021,-
3129043,3130143,-
3131341,3132408,-
3132454,3133212,-
3133244,3133957,-
3134872,3136371,-
3136663,3138522,-
3139716,3139964,-
3139977,3140318,-
3140311,3140799,-
3140792,3141286,-
3141286,3142989,-
3142986,3144164,-
3144154,3145140,-
3145143,3146261,-
3146450,3146737,-
3146856,3147272,-
3146856,3147691,-
3147272,3147691,-
3148977,3149471,-
3150818,3151243,-
3151250,3151984,-
3154262,3155218,-
3158927,3161146,-
3161257,3162669,-
3162744,3163481,-
3163715,3165973,-
3166111,3167718,-
3167851,3168246,-
3168248,3168544,-
3168749,3169231,-
3169284,3169676,-
3171879,3172211,-
3173504,3175396,-
3175425,3176006,-
3176006,3176833,-
3176858,3177280,-
3177281,3177910,-
3181619,3182407,-
3183813,3184466,-
3191739,3191939,-
3194723,3194865,-
3195099,3195240,-
3195320,3196753,-
3196801,3199641,-
3199664,3200965,-
3203310,3204131,-
3204221,3204589,-
3205324,3206256,-
3209530,3210543,-
3214967,3215473,-
3215727,3216491,-
3217556,3219076,-
3220915,3221247,-
3233728,3234144,-
3234141,3234455,-
3234739,3235875,-
3241193,3241744,-
3241827,3243314,-
3243329,3244741,-
3253318,3254214,-
3255341,3256651,-
3256679,3258010,-
3258285,3259649,-
3259721,3260110,-
3260124,3262418,-
3262452,3263660,-
3263686,3265017,-
3265039,3266028,-
3266127,3267065,-
3270216,3270592,-
3270625,3271770,-
3271867,3272751,-
3272787,3273557,-
3273573,3274907,-
3277856,3278665,-
3292475,3293335,-
3297098,3298138,-
3298211,3298846,-
3299472,3299915,-
3300255,3300758,-
3300752,3301276,-
3304573,3305817,-
3305971,3307860,-
3307853,3307933,-
3308040,3308924,-
3309033,3311168,-
3311415,3311684,-
3311833,3312777,-
3312777,3313178,-
3313342,3316014,-
3316039,3317526,-
3317554,3318006,-
3318213,3318289,-
3319988,3321613,-
3322072,3322158,-
3322173,3322505,-
3322733,3324070,-
3324063,3324911,-
3325001,3326935,-
3327035,3327664,-
3328239,3328715,-
3330582,3331754,-
3331770,3332735,-
3332862,3333119,-
3333140,3333451,-
3335235,3336494,-
3336549,3336803,-
3336963,3337256,-
3337256,3337891,-
3337910,3338461,-
3338466,3339248,-
3339256,3340065,-
3349081,3349809,-
3349806,3350459,-
3350689,3353025,-
3353121,3354050,-
3365556,3366750,-
3365702,3366718,-
3369014,3369478,-
3369475,3370350,-
3370347,3371036,-
3371084,3372574,-
3372683,3373576,-
3373698,3374489,-
3376279,3376776,-
3376782,3377420,-
3377815,3378207,-
3378223,3378651,-
3378870,3379997,-
3383330,3384268,-
3385857,3386129,-
3386221,3388188,-
3388194,3389126,-
3389134,3389337,-
3390583,3392028,-
3392458,3396258,-
3396326,3397795,-
3397785,3398378,-
3398387,3398875,-
3398875,3399978,-
3400044,3401087,-
3401392,3403332,-
3412803,3413465,-
3423423,3423542,-
3423580,3423655,-
3423668,3423787,-
3423880,3426783,-
3426958,3427033,-
3427076,3427152,-
3427221,3428762,-
3429766,3430023,-
3430020,3430838,-
3430843,3431415,-
3431420,3431962,-
3431991,3432464,-
3432436,3433560,-
3438431,3438649,-
3438705,3439130,-
3439141,3439509,-
3439616,3439999,-
3440040,3441029,-
3441055,3441675,-
3441709,3442098,-
3442115,3442471,-
3442618,3442734,-
3442766,3444097,-
3444105,3444539,-
3444543,3444722,-
3444726,3445229,-
3445244,3445597,-
3445607,3446140,-
3446153,3446545,-
3446579,3446884,-
3446899,3447438,-
3447453,3447767,-
3447778,3448149,-
3448314,3448568,-
3448568,3448759,-
3448759,3449169,-
3449182,3449883,-
3449901,3450233,-
3450248,3450526,-
3450543,3451364,-
3451382,3451684,-
3451681,3452286,-
3452297,3452926,-
3452959,3453270,-
3453508,3453927,-
3453929,3455398,-
3466249,3466725,-
3466797,3466991,-
3467160,3469853,-
3470145,3471329,-
3471400,3473514,-
3473542,3474081,-
3474178,3474552,-
3474678,3474965,-
3474973,3475332,-
3475332,3475718,-
3475718,3476440,-
3476607,3477419,-
3477907,3478497,-
3478592,3478792,-
3478802,3480607,-
3480607,3481161,-
3485414,3485818,-
3488960,3490180,-
3490266,3490829,-
3490861,3491463,-
3491453,3491620,-
3491725,3492297,-
3504935,3506020,-
3506032,3507336,-
3507348,3507701,-
3507712,3508590,-
3508587,3509813,-
3509813,3510976,-
3511060,3511422,-
3511439,3512344,-
3512634,3513638,-
3513631,3514389,-
3514382,3515059,-
3515077,3515913,-
3516020,3517306,-
3517398,3518486,-
3518543,3519064,-
3519465,3520703,-
3520615,3521019,-
3521009,3521449,-
3521433,3521972,-
3521972,3522751,-
3525589,3526149,-
3530715,3532439,-
3534516,3535868,-
3535865,3536584,-
3544074,3544844,-
3547986,3550070,-
3550080,3552473,-
3555833,3556849,-
3556853,3558079,-
3559848,3560453,-
3559848,3560605,-
3560456,3560605,-
3560622,3561452,-
3561497,3561823,-
3563787,3564005,-
3564134,3566581,-
3566600,3568033,-
3568033,3569328,-
3569346,3571319,-
3571316,3573502,-
3573775,3574878,-
3575721,3577061,-
3577065,3577592,-
3577731,3578726,-
3578950,3579645,-
3579768,3580805,-
3580927,3581016,-
3585081,3586823,-
3587370,3588113,-
3588110,3589180,-
3589182,3590027,-
3590024,3590911,-
3591009,3592325,-
3592724,3593437,-
3593439,3594206,-
3594203,3595480,-
3595477,3596403,-
3596451,3597560,-
3598555,3599658,-
3599929,3600783,-
3601028,3602086,-
3602079,3602747,-
3602750,3604243,-
3605251,3605610,-
3608751,3608996,-
3610516,3611733,-
3625679,3626803,-
3626803,3629538,-
3629535,3630602,-
3630968,3632590,-
3632852,3633265,-
3632852,3634458,-
3633265,3634458,-
3636208,3637410,-
3639385,3639720,-
3642380,3643132,-
3643140,3645182,-
3647705,3647788,-
3652036,3653230,-
3652182,3653198,-
3655255,3655902,-
3655966,3656292,-
3656408,3656740,-
3657986,3658054,-
3663890,3664618,-
3664986,3665810,-
3666180,3667580,-
3667791,3669188,-
3671292,3671894,-
3676290,3678350,-
3678420,3679187,-
3680444,3681940,-
3682161,3683447,-
3683630,3685618,-
3685700,3689173,-
3689155,3690261,-
3690268,3692607,-
3692618,3695236,-
3695233,3695985,-
3695997,3696185,-
3699980,3700087,-
3701864,3702868,-
3702865,3703848,-
3703859,3704761,-
3704771,3705790,-
3706098,3707705,-
3708616,3708692,-
3708784,3710475,-
3710799,3712007,-
3712236,3712934,-
3714061,3716394,-
3718334,3719044,-
3720448,3720600,-
3720448,3720632,-
3722328,3724397,-
3724407,3725318,-
3725413,3725712,-
3726924,3727361,-
3727407,3727748,-
3727917,3729371,-
3729443,3730765,-
3736353,3737177,-
3741109,3741582,-
3741684,3742532,-
3750813,3750914,-
3751128,3751868,-
3752963,3754099,-
3754105,3754428,-
3754973,3756511,-
3756676,3757827,-
3758017,3759861,-
3759858,3761249,-
3761347,3761955,-
3770243,3771379,-
3771382,3771744,-
3776171,3776380,-
3781741,3782562,-
3782642,3783661,-
3783661,3784128,-
3784191,3784442,-
3784584,3785015,-
3789047,3790081,-
3790320,3791345,-
3791355,3792551,-
3792826,3793683,-
3798239,3799312,-
3799345,3800196,-
3800267,3800965,-
3800983,3801999,-
3802039,3803058,-
3803058,3804137,-
3804181,3805116,-
3805153,3805950,-
3805943,3807067,-
3807064,3808098,-
3810343,3811152,-
3811250,3811417,-
3811438,3811674,-
3811891,3812559,-
3815127,3815768,-
3815834,3815881,-
3815834,3816549,-
3815881,3816549,-
3819488,3821170,-
3827460,3828665,-
3832219,3834537,-
3834547,3835929,-
3839175,3839993,-
3840549,3841739,-
3841950,3842402,-
3842455,3843789,-
3845776,3847167,-
3847305,3848624,-
3848634,3850136,-
3850136,3850726,-
3850802,3851092,-
3851096,3852784,-
3852890,3852988,-
3853118,3853257,-
3855114,3855611,-
3855608,3855970,-
3855960,3856307,-
3856911,3858404,-
3858401,3860116,-
3861173,3861987,-
3861987,3863603,-
3864612,3866273,-
3866469,3866897,-
3867009,3867422,-
3868062,3869309,-
3870438,3871730,-
3871850,3872998,-
3872995,3873612,-
3873596,3874474,-
3874471,3875160,-
3876140,3876952,-
3877067,3877465,-
3877705,3880119,-
3880148,3881221,-
3881221,3882321,-
3882326,3883729,-
3895272,3896609,-
3898671,3899393,-
3899408,3900577,-
3900604,3902220,-
3902289,3903701,-
3903720,3905597,-
3905731,3906567,-
3906853,3907578,-
3907593,3908366,-
3908549,3909439,-
3909439,3910398,-
3910485,3911525,-
3911839,3913668,-
3913830,3915200,-
3915553,3915972,-
3915993,3917375,-
3917402,3918265,-
3918316,3919857,-
3919870,3920403,-
3920418,3920888,-
3920950,3921189,-
3921236,3922051,-
3922060,3922440,-
3923057,3923680,-
3923744,3925633,-
3926012,3926455,-
3926545,3927003,-
3928152,3929603,-
3929597,3931093,-
3939185,3940612,-
3940635,3941327,-
3947128,3947967,-
3948449,3949969,-
3956927,3957820,-
3959532,3959813,-
3960012,3960254,-
3960012,3960460,-
3960254,3960460,-
3962745,3964229,-
3964365,3965630,-
3984352,3986007,-
3986686,3987882,-
3987885,3989066,-
3989088,3989828,-
3989825,3990766,-
3993739,3994059,-
4000292,4001056,-
4002419,4002799,-
4002813,4003193,-
4003288,4004178,-
4004230,4004697,-
4008439,4009059,-
4011863,4012816,-
4015354,4016169,-
4024333,4024821,-
4027609,4028772,-
4028782,4030971,-
4040906,4041433,-
4041415,4041999,-
4045670,4046602,-
4050133,4050765,-
4053647,4053757,-
4053869,4055278,-
4055290,4056339,-
4056625,4058034,-
4063603,4064295,-
4064363,4065766,-
4065809,4067194,-
4067240,4069276,-
4069475,4070401,-
4070515,4071756,-
4071773,4072651,-
4072675,4073571,-
4080299,4081228,-
4081225,4081860,-
4081857,4082759,-
4082772,4085822,-
4088107,4089855,-
4089855,4090925,-
4090915,4092366,-
4092377,4092823,-
4093124,4093438,-
4093448,4094272,-
4094723,4095982,-
4095979,4097448,-
4099491,4100525,-
4103602,4104975,-
4104972,4105670,-
4110740,4111507,-
4111615,4112214,-
4113726,4114472,-
4114569,4115579,-
4115714,4117222,-
4117245,4118090,-
4118845,4119330,-
4119423,4120349,-
4120416,4121747,-
4121757,4122287,-
4122380,4123339,-
4123431,4124456,-
4124612,4126810,-
4127286,4127894,-
4128078,4128395,-
4137040,4137657,-
4137932,4139035,-
4139046,4139708,-
4139720,4142221,-
4147466,4148317,-
4148532,4150265,-
4150447,4153098,-
4153696,4154847,-
4158285,4158394,-
4159390,4160790,-
4162170,4163270,-
4174076,4175026,-
4190327,4190487,-
4190735,4191868,-
4191865,4192635,-
4192637,4192837,-
4192821,4193576,-
4193569,4194204,-
4194204,4196099,-
4196332,4196808,-
4201263,4201688,-
4204642,4205931,-
4205943,4207532,-
4213680,4214123,-
4220301,4222487,-
4222804,4223628,-
4229453,4230142,-
4231359,4231631,-
4231884,4233233,-
4239777,4240055,-
4240779,4242254,-
4242626,4243516,-
4243531,4245075,-
4245229,4246419,-
4254043,4256466,-
4259488,4260003,-
4263248,4264231,-
4268809,4269012,-
4271049,4273871,-
4274760,4275041,-
4277060,4277383,-
4277927,4278066,-
4281783,4283075,-
4283253,4284902,-
4284899,4285213,-
4285413,4287371,-
4296436,4297125,-
4297219,4299366,-
4299564,4301030,-
4301027,4303078,-
4303078,4304109,-
4304128,4304403,-
4304612,4306597,-
4306870,4307799,-
4307783,4308478,-
4308489,4309469,-
4309448,4310980,-
4311107,4312042,-
4312101,4312991,-
4314344,4315102,-
4315104,4315538,-
4315525,4316082,-
4316082,4317218,-
4317215,4317895,-
4318006,4318764,-
4318761,4319606,-
4319599,4320663,-
4320663,4321247,-
4321244,4321696,-
4321697,4322422,-
4322443,4322814,-
4322443,4323230,-
4322805,4323230,-
4323336,4324352,-
4324377,4325165,-
4325298,4325741,-
4326399,4326734,-
4332181,4333272,-
4333282,4333950,-
4333947,4335590,-
4335694,4337031,-
4337168,4337929,-
4338254,4340521,-
4340720,4341628,-
4344929,4345558,-
4345680,4347326,-
4347404,4348744,-
4349315,4350034,-
4350031,4351662,-
4353200,4354717,-
4354954,4356411,-
4356470,4358617,-
4358697,4360031,-
4360396,4361934,-
4362191,4362271,-
4362191,4362353,-
4362270,4362353,-
4362551,4362626,-
4362733,4363308,-
4363345,4365042,-
4365018,4365356,-
4365472,4366773,-
4366891,4368327,-
4369156,4370412,-
4373365,4374234,-
4374629,4375657,-
4377189,4377722,-
4377811,4378944,-
4379007,4379366,-
4379377,4379772,-
4379783,4380517,-
4380510,4382318,-
4386047,4389370,-
4389392,4390360,-
4390457,4391509,-
4392928,4394067,-
4416017,4416292,-
4416441,4416770,-
4417698,4418453,-
4418561,4419625,-
4424516,4424791,-
4426628,4427422,-
4428079,4428717,-
4431321,4431983,-
4432091,4433056,-
4433164,4434024,-
4434622,4436565,-
4438708,4439262,-
4439872,4441215,-
4441538,4442176,-
4449122,4449652,-
4454611,4455609,-
4457314,4457865,-
4459900,4460364,-
4460522,4462660,-
4463054,4464709,-
4464759,4466180,-
4466299,4467246,-
4470527,4470913,-
4470986,4471447,-
4471460,4472395,-
4472399,4472533,-
4472814,4473209,-
4473340,4474053,-
4477307,4478311,-
4479034,4479537,-
4480982,4483837,-
4483837,4484280,-
4484440,4485951,-
4488561,4490063,-
4490141,4491139,-
4491206,4492525,-
4492587,4493351,-
4493375,4494406,-
4495190,4496209,-
4499593,4500534,-
4499593,4500791,-
4500534,4500791,-
4502090,4503515,-
4502103,4503431,-
4506626,4506856,-
4507459,4508679,-
4507466,4508617,-
4508676,4508942,-
4508680,4509006,-
4510690,4511457,-
4511458,4512414,-
4512411,4513409,-
4513406,4514308,-
4514353,4516677,-
4516764,4517717,-
4517714,4518235,-
4519338,4520324,-
4520671,4522020,-
4522127,4524094,-
4524105,4525010,-
4525015,4525803,-
4526106,4526888,-
4526905,4527537,-
4527549,4527980,-
4528111,4528917,-
4528930,4530243,-
4530255,4530533,-
4530530,4531651,-
4532050,4532310,-
4532437,4533183,-
4533239,4533784,-
4533796,4534053,-
4534430,4534675,-
4536614,4537594,-
4537659,4538765,-
4538785,4539501,-
4549953,4551296,-
4555490,4556320,-
4557378,4558289,-
4558354,4559526,-
4559539,4560000,-
4559997,4560680,-
4561497,4562675,-
4562743,4563603,-
4563922,4564689,-
4564699,4565850,-
4565966,4567246,-
4567287,4568519,-
4570162,4571574,-
4576912,4577958,-
4577958,4579337,-
4579499,4579840,-
4580068,4581462,-
4581459,4583048,-
4583249,4586761,-
4587909,4588865,-
4588876,4589079,-
4589129,4591279,-
4593361,4594722,-
4594937,4595851,-
4597150,4599441,-
4599695,4600189,-
4600238,4600975,-
4600978,4601517,-
4601624,4602097,-
4602088,4602858,-
4604875,4605663,-
4606079,4606165,-
4606200,4606286,-
4606315,4606401,-
4606669,4607700,-
4614680,4615543,-
4615515,4617065,-
4623101,4624117,-
4624145,4624789,-
4628855,4630522,-
4633233,4633745,-
4634441,4635310,-
4639590,4640306,-
4641651,4641651,-
