0,0,+
190,255,+
337,2799,+
2801,3733,+
3734,5020,+
5234,5530,+
5565,5669,+
8238,9191,+
9306,9893,+
12163,14079,+
14168,15298,+
15387,16731,+
15445,16557,+
16952,17006,+
17489,18655,+
18715,19620,+
21181,21399,+
21407,22348,+
22391,25207,+
25207,25701,+
25710,25795,+
25826,26275,+
26277,27227,+
27293,28207,+
28374,29195,+
29651,30799,+
30817,34038,+
34300,34695,+
34727,34762,+
39151,39232,+
42403,43173,+
43188,44129,+
44180,45466,+
45463,45750,+
45807,47138,+
47246,47776,+
47769,49631,+
49823,50302,+
50327,50363,+
57364,58179,+
58474,59052,+
58474,59279,+
59052,59279,+
66565,66812,+
70387,71265,+
71351,72115,+
72136,72220,+
77367,77593,+
77388,77519,+
77621,78799,+
84368,85312,+
85630,87354,+
87357,87848,+
88028,89032,+
89634,90092,+
90094,91035,+
91032,91397,+
91413,93179,+
93166,94653,+
94650,96008,+
96002,97084,+
97087,98403,+
98403,99647,+
99644,100711,+
100765,102240,+
102233,103153,+
103155,103985,+
103982,105244,+
104533,104769,+
105305,106456,+
106557,107474,+
107705,108217,+
108279,110984,+
111044,111433,+
111430,111629,+
113444,114487,+
118733,119284,+
119281,120135,+
122092,122856,+
123017,125680,+
125695,127587,+
127912,129336,+
129347,129361,+
131615,134212,+
134388,134750,+
137083,138633,+
138699,138796,+
141431,141967,+
141978,141998,+
142779,143705,+
143702,144472,+
144577,145017,+
145081,146310,+
146968,147870,+
162105,164534,+
164730,167264,+
167281,167305,+
167484,169727,+
169778,170575,+
170575,171465,+
171462,173444,+
173504,173588,+
175107,176528,+
176610,176954,+
176969,176987,+
179237,180754,+
180884,182308,+
182463,183620,+
189712,189847,+
189874,190599,+
190857,191708,+
191855,192580,+
192872,193429,+
193521,194717,+
194903,195664,+
195677,196534,+
196546,197898,+
197928,200360,+
200482,200967,+
200971,201996,+
202101,202556,+
202560,203348,+
203348,204496,+
204493,205089,+
205126,208608,+
208621,209580,+
209679,211820,+
211877,212266,+
212331,213629,+
213632,213668,+
214291,214836,+
214833,215255,+
215269,215979,+
216027,216137,+
222833,223408,+
223771,225312,+
225381,225457,+
225500,225575,+
225759,228662,+
228756,228875,+
228928,229004,+
229167,229970,+
231122,231922,+
231926,232549,+
234816,235538,+
236067,236798,+
236931,237007,+
237335,238120,+
239106,239378,+
240343,240816,+
243543,244121,+
244129,244263,+
244327,245094,+
246712,247461,+
247458,247541,+
247637,248134,+
248147,248334,+
250072,250827,+
250898,251953,+
252005,252298,+
252301,252699,+
252709,253161,+
253479,253685,+
253702,254202,+
254217,254244,+
255977,256435,+
256527,257771,+
257829,257899,+
258676,259006,+
259016,259036,+
260388,261491,+
261503,262756,+
262871,262946,+
262958,297265,+
270206,270540,+
270278,270535,+
270541,271761,+
270603,271754,+
271762,272190,+
271764,272189,+
272580,272654,+
272847,273954,+
275325,276728,+
276715,277647,+
277675,277741,+
279931,280104,+
279931,280111,+
282278,283186,+
283201,285168,+
285395,286777,+
286789,288399,+
290429,290633,+
291404,292231,+
297206,297254,+
302991,303605,+
312112,312339,+
314357,315228,+
315229,316483,+
315291,315590,+
315587,316453,+
317439,317567,+
320227,321081,+
321608,322327,+
322338,323765,+
323758,324453,+
329463,331496,+
332371,333459,+
335280,335885,+
335925,336788,+
336778,338325,+
338325,339743,+
339757,340114,+
340165,341115,+
341125,342507,+
342884,343933,+
344176,344991,+
345404,345649,+
346455,347086,+
346484,346759,+
346824,346853,+
348682,349572,+
349605,349969,+
350012,351181,+
351215,352666,+
352706,354592,+
354599,354769,+
354922,356181,+
356171,357454,+
357484,357562,+
357684,357762,+
358799,359458,+
359489,359959,+
359992,361146,+
361208,361236,+
361883,361916,+
366294,366426,+
366295,366406,+
368611,370275,+
370277,371221,+
371239,372105,+
372115,372924,+
372921,373871,+
373868,374881,+
374930,375365,+
375459,376670,+
376772,377311,+
377335,377521,+
381260,382590,+
381351,381716,+
381674,382579,+
385232,386194,+
386207,386974,+
386971,387798,+
387795,388646,+
390251,391708,+
392970,394418,+
394506,395129,+
396639,397859,+
397872,398966,+
398980,399014,+
399593,399805,+
401386,401646,+
401747,403162,+
403281,403601,+
403703,404818,+
405764,406222,+
406405,406929,+
406979,407170,+
407428,408105,+
408177,408461,+
408609,408950,+
409052,409088,+
410144,411052,+
411078,411268,+
417142,417831,+
417889,419184,+
419591,420910,+
420986,422359,+
422372,422404,+
422518,424332,+
425011,426081,+
426137,427264,+
427287,427619,+
427647,429494,+
429505,430476,+
430605,430952,+
430968,431065,+
433002,433451,+
433455,434558,+
434647,435117,+
435137,435556,+
435634,436611,+
436589,437107,+
437120,437156,+
441549,442997,+
443018,443049,+
444683,445174,+
445200,445286,+
454472,454789,+
455133,456431,+
456677,457300,+
457426,458700,+
458888,461242,+
459108,460208,+
461451,461723,+
461915,463786,+
463937,464308,+
464402,464800,+
464813,464837,+
467412,468230,+
468383,468841,+
468871,470643,+
470636,472417,+
472598,472936,+
472966,474252,+
474271,474293,+
475379,475951,+
476448,476561,+
476672,477025,+
485761,486408,+
486536,489898,+
489959,490056,+
490882,491259,+
491412,491963,+
492092,494023,+
494076,494405,+
494405,495010,+
495120,496994,+
497001,497026,+
497175,497819,+
497916,497933,+
498055,499017,+
500125,501429,+
501444,501527,+
504914,506566,+
506576,506595,+
507204,507287,+
508218,508559,+
508582,508817,+
511641,512573,+
512576,513868,+
513993,514400,+
515919,516596,+
516583,517362,+
517369,517394,+
519226,519451,+
519733,520419,+
520416,522830,+
523261,527541,+
527581,527949,+
527952,528659,+
528640,529130,+
529500,529592,+
532451,532933,+
533011,533826,+
533916,535697,+
535710,536486,+
536586,537464,+
537633,539087,+
539147,540508,+
540565,541866,+
541888,543033,+
543087,543183,+
546680,548347,+
548357,549616,+
549627,550442,+
550439,551332,+
551354,551510,+
554611,555996,+
556007,556032,+
558212,558754,+
558974,559666,+
559697,562300,+
562095,562244,+
562336,563319,+
563330,563845,+
564723,564799,+
564802,586103,+
566376,566687,+
566684,566776,+
566777,568034,+
566842,567141,+
567138,568004,+
568035,568247,+
568315,568647,+
568902,570428,+
570893,571444,+
571454,572251,+
572368,572469,+
572466,572921,+
572921,573091,+
573084,573374,+
573371,573733,+
573730,573870,+
573956,574339,+
577398,577613,+
577613,578110,+
578107,578568,+
578327,578509,+
578394,578411,+
579659,579822,+
579880,580086,+
580834,581379,+
581354,581662,+
581660,582097,+
582953,583135,+
583681,584430,+
586057,586101,+
595600,596973,+
597131,597463,+
597479,598702,+
598714,601857,+
601959,603335,+
607734,607792,+
607836,607988,+
608007,609351,+
608065,609177,+
610117,610214,+
612737,613939,+
613942,614160,+
614157,618038,+
618254,619387,+
622300,623550,+
624885,626060,+
626070,627680,+
627694,628551,+
628551,629297,+
629300,629713,+
629894,631999,+
632115,632148,+
632182,632379,+
633586,634746,+
638945,639508,+
639753,641318,+
642088,643326,+
648179,648383,+
652235,653893,+
653862,654542,+
654552,654574,+
656557,657117,+
657292,657501,+
658031,658225,+
658031,658818,+
658225,658818,+
658947,659150,+
675018,675500,+
676711,677418,+
677415,678842,+
679508,680215,+
680212,681663,+
681685,681714,+
686750,686774,+
689264,689297,+
695101,696276,+
696307,696377,+
699425,699522,+
703944,705890,+
705897,705932,+
706093,707757,+
707770,707934,+
708334,709740,+
709790,710116,+
710908,710940,+
712987,713532,+
713558,715198,+
715264,715361,+
715412,715906,+
720583,720840,+
729134,729340,+
729583,733776,+
733776,734102,+
734133,735653,+
735650,736219,+
736445,736684,+
736825,737961,+
738092,738853,+
739001,739510,+
739507,740925,+
740954,741059,+
742827,743570,+
743593,744249,+
744243,745175,+
745165,745899,+
745935,746726,+
755177,755566,+
755560,755907,+
755907,757673,+
757689,758405,+
758409,758526,+
758706,761507,+
761522,762739,+
762762,762928,+
763014,764180,+
764180,765049,+
765984,767960,+
767978,770611,+
770675,770773,+
771458,773026,+
773042,774181,+
774196,774309,+
774309,774602,+
774752,775156,+
775153,775845,+
775849,776277,+
776342,777607,+
777740,779032,+
779067,779588,+
779598,780389,+
780554,780629,+
780765,780840,+
780843,780918,+
781068,781143,+
781147,781222,+
781369,781444,+
781577,781652,+
782085,783128,+
783166,783885,+
785633,786685,+
786735,786769,+
792264,792297,+
794773,794922,+
795089,795862,+
795862,796551,+
796554,797612,+
798586,799581,+
800759,801811,+
801887,803320,+
803503,805764,+
805804,805981,+
809344,810384,+
810381,811535,+
811522,812277,+
812270,812947,+
813526,815547,+
815585,815681,+
817044,818033,+
818055,818567,+
818570,819055,+
819048,819293,+
819295,819747,+
819758,819784,+
819884,820588,+
820793,821506,+
824630,825040,+
830872,832236,+
832289,832386,+
833070,835220,+
835248,836210,+
836222,836245,+
836351,837436,+
837539,837661,+
842332,843258,+
845631,845729,+
847360,847514,+
850450,850965,+
853183,853650,+
853647,854765,+
855963,857555,+
857616,857713,+
863642,864304,+
864333,864370,+
866568,867533,+
867520,869391,+
869411,870949,+
870967,871887,+
871890,872801,+
872979,875327,+
875335,876663,+
878248,878631,+
878742,879857,+
880727,881929,+
881940,881966,+
883673,884905,+
887423,887959,+
890089,890466,+
890913,891200,+
891184,891906,+
891967,892869,+
892957,893433,+
893784,894896,+
894991,896124,+
896134,897087,+
897084,897929,+
897989,898477,+
898518,899645,+
899696,899793,+
900749,900835,+
904593,904916,+
904913,905743,+
911147,911172,+
912484,912740,+
916473,918131,+
919235,920350,+
920347,922293,+
922431,922592,+
922913,923233,+
923264,925540,+
932595,933089,+
933224,937213,+
937224,937259,+
937372,937983,+
937994,939337,+
939428,940720,+
940959,943403,+
943414,944031,+
944033,944896,+
945871,947019,+
947229,948659,+
949668,950258,+
956762,957454,+
957653,958741,+
958812,960095,+
960264,961028,+
961201,961884,+
961995,963668,+
963828,964112,+
964320,966584,+
966621,968369,+
968366,969352,+
969389,970621,+
970673,970855,+
970852,971598,+
971752,972645,+
973537,974322,+
974319,975641,+
974891,975052,+
975622,976326,+
976326,980786,+
981047,982894,+
983075,983623,+
983650,984297,+
984361,984458,+
990622,993234,+
997868,998407,+
998490,999191,+
999216,1001816,+
1001807,1002877,+
1002889,1003431,+
1003439,1003954,+
1003947,1004657,+
1004768,1005778,+
1005952,1006494,+
1007844,1009952,+
1009964,1011871,+
1011919,1011947,+
1012001,1013254,+
1013259,1014899,+
1014896,1015459,+
1015715,1015882,+
1018485,1018937,+
1021138,1021767,+
1024471,1026525,+
1027946,1028359,+
1028366,1028389,+
1030064,1030342,+
1032139,1033257,+
1033254,1035047,+
1035066,1035773,+
1035770,1036357,+
1036354,1036752,+
1036749,1037606,+
1037740,1039284,+
1039296,1040432,+
1040445,1040537,+
1040543,1040578,+
1040617,1041915,+
1041985,1042018,+
1049778,1050545,+
1049833,1050108,+
1050027,1050530,+
1051461,1051673,+
1051847,1052077,+
1052067,1052240,+
1056261,1057289,+
1058084,1059256,+
1059256,1061802,+
1061799,1062398,+
1062407,1062540,+
1064036,1065292,+
1065585,1066826,+
1068081,1068254,+
1068354,1068451,+
1072862,1072955,+
1074242,1074880,+
1074885,1074912,+
1079305,1080813,+
1081112,1081145,+
1081356,1081460,+
1081356,1082185,+
1081460,1082185,+
1082243,1083370,+
1083376,1084647,+
1084682,1084767,+
1084992,1086056,+
1092876,1094234,+
1095505,1095846,+
1095843,1096829,+
1097886,1098824,+
1098879,1099616,+
1099640,1100194,+
1100296,1100787,+
1100821,1100839,+
1103951,1104406,+
1104447,1104902,+
1104961,1105293,+
1105414,1105725,+
1105820,1106353,+
1106355,1107776,+
1109335,1110870,+
1110863,1113406,+
1113417,1113514,+
1113579,1113806,+
1115626,1115652,+
1116807,1117859,+
1117868,1117888,+
1125562,1126146,+
1126157,1126804,+
1126806,1127729,+
1127839,1129374,+
1128578,1128765,+
1131018,1131434,+
1131438,1131842,+
1131854,1132549,+
1132574,1133782,+
1133802,1134557,+
1134586,1134683,+
1134729,1135511,+
1135564,1136262,+
1136274,1137371,+
1137371,1138312,+
1138378,1140021,+
1140033,1140986,+
1144502,1144822,+
1144940,1145899,+
1145928,1146002,+
1146589,1146757,+
1146794,1147315,+
1147367,1147540,+
1147621,1148691,+
1148759,1149712,+
1149728,1150657,+
1150670,1151404,+
1151615,1151851,+
1151939,1153180,+
1153300,1154109,+
1154112,1155134,+
1155124,1155765,+
1155762,1156766,+
1156777,1157574,+
1157869,1159302,+
1161885,1162244,+
1162247,1162624,+
1162638,1163279,+
1163260,1164084,+
1164095,1165120,+
1165143,1165685,+
1165739,1165813,+
1166085,1167389,+
1167402,1167431,+
1167599,1168138,+
1169073,1169330,+
1175427,1176626,+
1176619,1177320,+
1177320,1178564,+
1178593,1179504,+
1179631,1180359,+
1180354,1180449,+
1185844,1187070,+
1187083,1187106,+
1190580,1190602,+
1195123,1196373,+
1196220,1211412,+
1198695,1199588,+
1201497,1201838,+
1203024,1203224,+
1203268,1203825,+
1203822,1204160,+
1204170,1204403,+
1204404,1205537,+
1205549,1205731,+
1205731,1206142,+
1206143,1206922,+
1206913,1207497,+
1207501,1208130,+
1208132,1208545,+
1209685,1210239,+
1210346,1211179,+
1211413,1211577,+
1215789,1216025,+
1216068,1216340,+
1216369,1216635,+
1216748,1216996,+
1217328,1218851,+
1218983,1219201,+
1219601,1222248,+
1223264,1223449,+
1223564,1223671,+
1223564,1223907,+
1223671,1223907,+
1226600,1226968,+
1227714,1228007,+
1228079,1228738,+
1228815,1229276,+
1230767,1231186,+
1231186,1232454,+
1234938,1235657,+
1237571,1238869,+
1238879,1239949,+
1243180,1243791,+
1244728,1244982,+
1245160,1245600,+
1247658,1247688,+
1251066,1252985,+
1258791,1259069,+
1263714,1264970,+
1265012,1266094,+
1266094,1266927,+
1266924,1267316,+
1267320,1268129,+
1268165,1269019,+
1269323,1269389,+
1269858,1269923,+
1270393,1270460,+
1272119,1272349,+
1272507,1273202,+
1273784,1275178,+
1277957,1279348,+
1279864,1283607,+
1283604,1285142,+
1285139,1285849,+
1285849,1286526,+
1286594,1286665,+
1289245,1290150,+
1290242,1291255,+
1291457,1292365,+
1293527,1294144,+
1298598,1299245,+
1299499,1300693,+
1301182,1302813,+
1302899,1303819,+
1303834,1304742,+
1304219,1304520,+
1304754,1305767,+
1305764,1306768,+
1308788,1308961,+
1311089,1311808,+
1314020,1314658,+
1323220,1324101,+
1324098,1324718,+
1324746,1326641,+
1326852,1327727,+
1327737,1327755,+
1329332,1330381,+
1331048,1333645,+
1333855,1334829,+
1335124,1335288,+
1335291,1335458,+
1335831,1338506,+
1339330,1340094,+
1340243,1340551,+
1340558,1341727,+
1341921,1342658,+
1342658,1342984,+
1346796,1346900,+
1357359,1357392,+
1357770,1357799,+
1361120,1361884,+
1361911,1362468,+
1362743,1364230,+
1364232,1365512,+
1365550,1366815,+
1366833,1366913,+
1367208,1367365,+
1368079,1368747,+
1368801,1369025,+
1369025,1369384,+
1369393,1369614,+
1369689,1370003,+
1370216,1371895,+
1371909,1373201,+
1373222,1374103,+
1374090,1374932,+
1374963,1376015,+
1376034,1376822,+
1376832,1377887,+
1377884,1380151,+
1380148,1380807,+
1380821,1381777,+
1380821,1381902,+
1381777,1381902,+
1381947,1382852,+
1382867,1382940,+
1384117,1385514,+
1385511,1386572,+
1386720,1388261,+
1388272,1388296,+
1388930,1389895,+
1391991,1392890,+
1393227,1394840,+
1396044,1397238,+
1396076,1397092,+
1397365,1397622,+
1404741,1405649,+
1405979,1406542,+
1408050,1409033,+
1409129,1409250,+
1409511,1410884,+
1410933,1410969,+
1411899,1434958,+
1418671,1419159,+
1420365,1420661,+
1420684,1421106,+
1421119,1421976,+
1421983,1422729,+
1422701,1423200,+
1423201,1423644,+
1423400,1423585,+
1423467,1423484,+
1423782,1425239,+
1425377,1425640,+
1425630,1426082,+
1426454,1427386,+
1427389,1427598,+
1428795,1428984,+
1429049,1432411,+
1432411,1432986,+
1437121,1437229,+
1441058,1441324,+
1443051,1445690,+
1445687,1445872,+
1445880,1446206,+
1447519,1449018,+
1453927,1454856,+
1454868,1455155,+
1455164,1455910,+
1455925,1456422,+
1456430,1457500,+
1457497,1458264,+
1458264,1459052,+
1459054,1460481,+
1460471,1460893,+
1460893,1462098,+
1462125,1463438,+
1463539,1464489,+
1464471,1465061,+
1465392,1467904,+
1469241,1469293,+
1469296,1470516,+
1469358,1470509,+
1470517,1474013,+
1474221,1475081,+
1475144,1477450,+
1477621,1478226,+
1478226,1479122,+
1479138,1480895,+
1480909,1482201,+
1483061,1486963,+
1487235,1488035,+
1488232,1489671,+
1489683,1489704,+
1490902,1491432,+
1491677,1491850,+
1492119,1492174,+
1492470,1494110,+
1495288,1496631,+
1496856,1498511,+
1498651,1498875,+
1498938,1499477,+
1500573,1501565,+
1501562,1502155,+
1502457,1503125,+
1503161,1504908,+
1503717,1504865,+
1506172,1506708,+
1506781,1508742,+
1508791,1508823,+
1509286,1509462,+
1509508,1509924,+
1510003,1511409,+
1511654,1512799,+
1512817,1513830,+
1513831,1514772,+
1514762,1515556,+
1515578,1517002,+
1517389,1517562,+
1517648,1517881,+
1519027,1520064,+
1520262,1520927,+
1523307,1524368,+
1526247,1526864,+
1526940,1527152,+
1527902,1529938,+
1529922,1530404,+
1530586,1531323,+
1530586,1531639,+
1531325,1531639,+
1531816,1532952,+
1533052,1533285,+
1534024,1534869,+
1534883,1534957,+
1542634,1542662,+
1547401,1550448,+
1550461,1551345,+
1551338,1551991,+
1552071,1552167,+
1552249,1552345,+
1556625,1557056,+
1557063,1557081,+
1592631,1592655,+
1601490,1603025,+
1603019,1604047,+
1604047,1605039,+
1605051,1606073,+
1606100,1606975,+
1606999,1607289,+
1607346,1608104,+
1614804,1615685,+
1615763,1616878,+
1617028,1618218,+
1619120,1619554,+
1619574,1619957,+
1619989,1620207,+
1621332,1622519,+
1622646,1622741,+
1624773,1625291,+
1627517,1628263,+
1628352,1629038,+
1629215,1629418,+
1633072,1633305,+
1633622,1634212,+
1636756,1636989,+
1637047,1637457,+
1641855,1642067,+
1645897,1646202,+
1646405,1646737,+
1647934,1648341,+
1648508,1648663,+
1648665,1648793,+
1648823,1649041,+
1649382,1649434,+
1649609,1649797,+
1649794,1649985,+
1650078,1650842,+
1650843,1651548,+
1650845,1651537,+
1651551,1652708,+
1655808,1656149,+
1656184,1656744,+
1657565,1657870,+
1657888,1657908,+
1658069,1660495,+
1660556,1662979,+
1662990,1663607,+
1663609,1664463,+
1664506,1665120,+
1665136,1665166,+
1665315,1666571,+
1669699,1670952,+
1671376,1671684,+
1671777,1671860,+
1671960,1672781,+
1673913,1674947,+
1678427,1679371,+
1679557,1680939,+
1680976,1681698,+
1682159,1682878,+
1682882,1684183,+
1684259,1685188,+
1688576,1689751,+
1689852,1691360,+
1691425,1691521,+
1699355,1700947,+
1700957,1702129,+
1702233,1703234,+
1704551,1704676,+
1704949,1705164,+
1705250,1705690,+
1705767,1706348,+
1706348,1706926,+
1706919,1709141,+
1709142,1710200,+
1710204,1710824,+
1710828,1711523,+
1711523,1712158,+
1712769,1714271,+
1714377,1714982,+
1719876,1720343,+
1721025,1721261,+
1721264,1722121,+
1722121,1724133,+
1726023,1726622,+
1726659,1727756,+
1727837,1728244,+
1728347,1728994,+
1729087,1733703,+
1733714,1733737,+
1734435,1735250,+
1735378,1735959,+
1735983,1736056,+
1737844,1738869,+
1739911,1741122,+
1741413,1742561,+
1743457,1744830,+
1746435,1746511,+
1746516,1746592,+
1746700,1747005,+
1747131,1748735,+
1755698,1757110,+
1757421,1757657,+
1769074,1770186,+
1770372,1770477,+
1770615,1770971,+
1771071,1772285,+
1772512,1773777,+
1773789,1774655,+
1774686,1775444,+
1775587,1777182,+
1777196,1778347,+
1779617,1780381,+
1780401,1781339,+
1781395,1782684,+
1782681,1782974,+
1783031,1784677,+
1787445,1788278,+
1788435,1789481,+
1789613,1789804,+
1803094,1803519,+
1803094,1804993,+
1803518,1804993,+
1805165,1805272,+
1806370,1807299,+
1807400,1807690,+
1807796,1808656,+
1809380,1810048,+
1810211,1810801,+
1810934,1812325,+
1813867,1816128,+
1816185,1816373,+
1822458,1823285,+
1823331,1823428,+
1823515,1824402,+
1832428,1833234,+
1833401,1834111,+
1834116,1834793,+
1834808,1835515,+
1835515,1836063,+
1836073,1837239,+
1837212,1838747,+
1838747,1839400,+
1839467,1840774,+
1841490,1841897,+
1842371,1843714,+
1843724,1843816,+
1848837,1850693,+
1850860,1851876,+
1851887,1852528,+
1852562,1852597,+
1862771,1863766,+
1863850,1864734,+
1864753,1864773,+
1866908,1868842,+
1868892,1868930,+
1868955,1870238,+
1870385,1871860,+
1872041,1873531,+
1873574,1874077,+
1874352,1874798,+
1875673,1876854,+
1876909,1877256,+
1877715,1878740,+
1878773,1878871,+
1878874,1878948,+
1881912,1882997,+
1883188,1884633,+
1884665,1885789,+
1885845,1886810,+
1893367,1893711,+
1894133,1894432,+
1894805,1896166,+
1896170,1896748,+
1896932,1898296,+
1898427,1900025,+
1902048,1903019,+
1903082,1903882,+
1903895,1904746,+
1904801,1905259,+
1905688,1906254,+
1908925,1909164,+
1910276,1911649,+
1916258,1917541,+
1917510,1920143,+
1918816,1919101,+
1920223,1921662,+
1921780,1922016,+
1922121,1922312,+
1923066,1923314,+
1925108,1925338,+
1925440,1926096,+
1926120,1926782,+
1929923,1930006,+
1930881,1932059,+
1932086,1932104,+
1936652,1937521,+
1937649,1939091,+
1939099,1939128,+
1942662,1943417,+
1943414,1944199,+
1944219,1944345,+
1946251,1946853,+
1950832,1951398,+
1951395,1952213,+
1952266,1952661,+
1952702,1953445,+
1953442,1954413,+
1954429,1954526,+
1957750,1959341,+
1960062,1961795,+
1961972,1962460,+
1966322,1966384,+
1979753,1980181,+
1986925,1987428,+
1988222,1988545,+
1988716,1989213,+
1989681,1990892,+
1995818,1996042,+
2001968,2002066,+
2003872,2005278,+
2005303,2005713,+
2005713,2006078,+
2006156,2007643,+
2008277,2009482,+
2009479,2009712,+
2009821,2010489,+
2010600,2011079,+
2012502,2012663,+
2013229,2014887,+
2014880,2015875,+
2015868,2016554,+
2016554,2017927,+
2017946,2018389,+
2018386,2019513,+
2019618,2020082,+
2020087,2021091,+
2021088,2021501,+
2021504,2021869,+
2021869,2022606,+
2022616,2022885,+
2022893,2023678,+
2023968,2024591,+
2024986,2025213,+
2025511,2026326,+
2029539,2030459,+
2033649,2033739,+
2034051,2034713,+
2034051,2035243,+
2034713,2035243,+
2035835,2036686,+
2038956,2039369,+
2039478,2040482,+
2040483,2041118,+
2041152,2041185,+
2041375,2042025,+
2042368,2042898,+
2043651,2044448,+
2044549,2044624,+
2044938,2052014,+
2053643,2054959,+
2055061,2056515,+
2056858,2057574,+
2059851,2059926,+
2062260,2062335,+
2067354,2079031,+
2068635,2068938,+
2070270,2070474,+
2070660,2071211,+
2071315,2071518,+
2071539,2074658,+
2074779,2076311,+
2076308,2076754,+
2076817,2077038,+
2077112,2077480,+
2077569,2077943,+
2077940,2078107,+
2078746,2078931,+
2082756,2084183,+
2089996,2090046,+
2090192,2091091,+
2091097,2092401,+
2092398,2093468,+
2093468,2094535,+
2094535,2095125,+
2095125,2095862,+
2095844,2096620,+
2096614,2097225,+
2097237,2097266,+
2118466,2118651,+
2133432,2133465,+
2137902,2139485,+
2139702,2139738,+
2143266,2146583,+
2146600,2146683,+
2147674,2149026,+
2151185,2151646,+
2151674,2151701,+
2153309,2153451,+
2153644,2153779,+
2154016,2155263,+
2155263,2158385,+
2158386,2161463,+
2161464,2162879,+
2162876,2164279,+
2164276,2164998,+
2165017,2165096,+
2165189,2165521,+
2165668,2167029,+
2167114,2167200,+
2168712,2169611,+
2169650,2169683,+
2170171,2171428,+
2170236,2170535,+
2170532,2171398,+
2177408,2177484,+
2178821,2180098,+
2180095,2181099,+
2181096,2182061,+
2185917,2186741,+
2186960,2187298,+
2194300,2196333,+
2196474,2199320,+
2196474,2200269,+
2199322,2200269,+
2200279,2203911,+
2203972,2204289,+
2204596,2205684,+
2205695,2207974,+
2207967,2209103,+
2209100,2211100,+
2211225,2211686,+
2214866,2215597,+
2215657,2215764,+
2219625,2219658,+
2222185,2223900,+
2223905,2223932,+
2225801,2226379,+
2226385,2226468,+
2228982,2229065,+
2230342,2230547,+
2230624,2231022,+
2231019,2231714,+
2231844,2232728,+
2232736,2232769,+
2232878,2233597,+
2233600,2233839,+
2234033,2235271,+
2235265,2236500,+
2236534,2236683,+
2243910,2244746,+
2249717,2250766,+
2250840,2251697,+
2251700,2252788,+
2252796,2252886,+
2255355,2256014,+
2256038,2256074,+
2263863,2265044,+
2265450,2266022,+
2266245,2267711,+
2267829,2268815,+
2268854,2269567,+
2269979,2270545,+
2270726,2272282,+
2272364,2274178,+
2274179,2275273,+
2275273,2276298,+
2276300,2277889,+
2280632,2282392,+
2282517,2282801,+
2282887,2282920,+
2284129,2284356,+
2284376,2286136,+
2286211,2286287,+
2290500,2291147,+
2291153,2291351,+
2303905,2304393,+
2304417,2305071,+
2313084,2313176,+
2313488,2316160,+
2316177,2316827,+
2316834,2317030,+
2320043,2321869,+
2321866,2323251,+
2323447,2324109,+
2324109,2324759,+
2324756,2326078,+
2326109,2327293,+
2337780,2338446,+
2339567,2340289,+
2340313,2340394,+
2344865,2347150,+
2347160,2347362,+
2347384,2348514,+
2348514,2348768,+
2348781,2348816,+
2349651,2349893,+
2352647,2354275,+
2354265,2355524,+
2355521,2356711,+
2356904,2357803,+
2357816,2358001,+
2364554,2364979,+
2365928,2367067,+
2367071,2368039,+
2368039,2370021,+
2370018,2370908,+
2370908,2372560,+
2372557,2372892,+
2372892,2373278,+
2373787,2373950,+
2381608,2382525,+
2382713,2383924,+
2385860,2386831,+
2386934,2387437,+
2388635,2389057,+
2389116,2389964,+
2393131,2393166,+
2407561,2408778,+
2408792,2408810,+
2408862,2409461,+
2409192,2410398,+
2409496,2409514,+
2413470,2414672,+
2414747,2416891,+
2417081,2418601,+
2420621,2421268,+
2421325,2421687,+
2421708,2422601,+
2430929,2431012,+
2437950,2438945,+
2440343,2440378,+
2441764,2443770,+
2443789,2443868,+
2448606,2449157,+
2461306,2462646,+
2463012,2464070,+
2465301,2466233,+
2466309,2466383,+
2466385,2476599,+
2466545,2467702,+
2467855,2468217,+
2468214,2469134,+
2469131,2470462,+
2470815,2471105,+
2473604,2473966,+
2474032,2474856,+
2474984,2475520,+
2475511,2475873,+
2475873,2476178,+
2476181,2476231,+
2476310,2476510,+
2476584,2476598,+
2477847,2479184,+
2479202,2480530,+
2483755,2484369,+
2484374,2487967,+
2494698,2494973,+
2495645,2496565,+
2496921,2496992,+
2498671,2500368,+
2500383,2501117,+
2501130,2501987,+
2508482,2508684,+
2509630,2510886,+
2511001,2511327,+
2511352,2511439,+
2513042,2514244,+
2514273,2515617,+
2514331,2515443,+
2518467,2518811,+
2518813,2519205,+
2520931,2521006,+
2521051,2521126,+
2521173,2521248,+
2521253,2521328,+
2521538,2521566,+
2525127,2525891,+
2526946,2527944,+
2531463,2532224,+
2532409,2533380,+
2533764,2534021,+
2534066,2535793,+
2535834,2536343,+
2537342,2537716,+
2537749,2538483,+
2538535,2538632,+
2539607,2539642,+
2545773,2546669,+
2546673,2548097,+
2548102,2549406,+
2549466,2549563,+
2552352,2553221,+
2553225,2554124,+
2555192,2555215,+
2558699,2565461,+
2558858,2560066,+
2560257,2560898,+
2561368,2561613,+
2561625,2561993,+
2562111,2562527,+
2562524,2563117,+
2563592,2563969,+
2563980,2564372,+
2564523,2565332,+
2568139,2568321,+
2578666,2579616,+
2579636,2581639,+
2581648,2581716,+
2585731,2587431,+
2587595,2590708,+
2591247,2591603,+
2591607,2592734,+
2592762,2592962,+
2592978,2593060,+
2597673,2597718,+
2599906,2600478,+
2600478,2600948,+
2601201,2601818,+
2601818,2603836,+
2603847,2604794,+
2604811,2606250,+
2606262,2606912,+
2606917,2608497,+
2608487,2610154,+
2610164,2610709,+
2610706,2611464,+
2611457,2611870,+
2611900,2613912,+
2613934,2614782,+
2616094,2617557,+
2617578,2617937,+
2617968,2618004,+
2620703,2620856,+
2621197,2622234,+
2622234,2622872,+
2623044,2625110,+
2625115,2626656,+
2629290,2629481,+
2629792,2630310,+
2630326,2630865,+
2634232,2635602,+
2648677,2648819,+
2652494,2653339,+
2653855,2654158,+
2654970,2655066,+
2662309,2662574,+
2663442,2664245,+
2664390,2665244,+
2665435,2666715,+
2669032,2670393,+
2670390,2670908,+
2670908,2671228,+
2671225,2672037,+
2672047,2673249,+
2673346,2673768,+
2673776,2673809,+
2682863,2684056,+
2684117,2684214,+
2685835,2687025,+
2687035,2687054,+
2695801,2697357,+
2696820,2697121,+
2698759,2699607,+
2698953,2699502,+
2699663,2699923,+
2700520,2700596,+
2710420,2712042,+
2712896,2714230,+
2714283,2714380,+
2715423,2716010,+
2716754,2717443,+
2717458,2717483,+
2718735,2719154,+
2719223,2719921,+
2719953,2722613,+
2722727,2724082,+
2724128,2724451,+
2736146,2736883,+
2737154,2737495,+
2737599,2737646,+
2737745,2738905,+
2738915,2738938,+
2741360,2741725,+
2741875,2742393,+
2742383,2743609,+
2742515,2742825,+
2743625,2744107,+
2747962,2748753,+
2748774,2750060,+
2750831,2751709,+
2751795,2753456,+
2753605,2753946,+
2754896,2755378,+
2755593,2755955,+
2755957,2777986,+
2756159,2757400,+
2758644,2758856,+
2758985,2760394,+
2760547,2761173,+
2765918,2766991,+
2766984,2767355,+
2767710,2768573,+
2768665,2769486,+
2769703,2770404,+
2770445,2770681,+
2770681,2771124,+
2771148,2771615,+
2773318,2775021,+
2775545,2775724,+
2775545,2775816,+
2775724,2775816,+
2775919,2776377,+
2776386,2776868,+
2776877,2777077,+
2777115,2777432,+
2777453,2777782,+
2777972,2777985,+
2786397,2788649,+
2788985,2789962,+
2789982,2791250,+
2791273,2792721,+
2792735,2794015,+
2794028,2794163,+
2794253,2795653,+
2795674,2796336,+
2797211,2797510,+
2797520,2798044,+
2798053,2798082,+
2799164,2799613,+
2800146,2800475,+
2800723,2800968,+
2800965,2801375,+
2801348,2803492,+
2803502,2804461,+
2804815,2806017,+
2806010,2807074,+
2807132,2808124,+
2808131,2808214,+
2808316,2809493,+
2809617,2810354,+
2810344,2810679,+
2810770,2811300,+
2811427,2812599,+
2812616,2814154,+
2814802,2814879,+
2825832,2826395,+
2826392,2827351,+
2827362,2827733,+
2827737,2828516,+
2828561,2828589,+
2828621,2828980,+
2829047,2829820,+
2829813,2830778,+
2832476,2833915,+
2833912,2835045,+
2835067,2835148,+
2837465,2837491,+
2839524,2840981,+
2840990,2842414,+
2842423,2842501,+
2850647,2850997,+
2851001,2851873,+
2851864,2852136,+
2852136,2853257,+
2853254,2854264,+
2854338,2856416,+
2856426,2856449,+
2857093,2859654,+
2859760,2860416,+
2861430,2862338,+
2862335,2863501,+
2863593,2864231,+
2864236,2865012,+
2865101,2866465,+
2866479,2866496,+
2876581,2877618,+
2887354,2887409,+
2888334,2888370,+
2892214,2892579,+
2892657,2893928,+
2893919,2894179,+
2894196,2894771,+
2894808,2894874,+
2900592,2901869,+
2901896,2903374,+
2905557,2905697,+
2905711,2906583,+
2915057,2917813,+
2917888,2917982,+
2925348,2926196,+
2926308,2927672,+
2928229,2929518,+
2929576,2930943,+
2931055,2931810,+
2931817,2931846,+
2934235,2935551,+
2935584,2937359,+
2937426,2937449,+
2937438,2938886,+
2938888,2939310,+
2939368,2940099,+
2942696,2942901,+
2943337,2944542,+
2944542,2944985,+
2944994,2945027,+
2945896,2945992,+
2947387,2947463,+
2947497,2947573,+
2947607,2947683,+
2949242,2950573,+
2950613,2950626,+
2969662,2970351,+
2970420,2971133,+
2971271,2971489,+
2971597,2972637,+
2976599,2977630,+
2979021,2979956,+
2980733,2980755,+
2985847,2987076,+
2987536,2988168,+
2988502,2989311,+
2989304,2989786,+
2990554,2990949,+
2990554,2991043,+
2990948,2991043,+
2991268,2991759,+
2992094,2993470,+
2993638,2993856,+
2993939,2994382,+
2993939,2994441,+
2994382,2994441,+
3000345,3002603,+
3002614,3003492,+
3003489,3003968,+
3006262,3007452,+
3006758,3006934,+
3007510,3008706,+
3008764,3009975,+
3010028,3011413,+
3011461,3012393,+
3012401,3012604,+
3015160,3015738,+
3016060,3019158,+
3019161,3020489,+
3020540,3021319,+
3021316,3024186,+
3024351,3025751,+
3025766,3027085,+
3027121,3028488,+
3031367,3032815,+
3032817,3032942,+
3033065,3033613,+
3035092,3035203,+
3039855,3040376,+
3041313,3042293,+
3042321,3042475,+
3043662,3045101,+
3045113,3045140,+
3055612,3055941,+
3055983,3056165,+
3056241,3056789,+
3056849,3056988,+
3059753,3060646,+
3060660,3060680,+
3060850,3062994,+
3062987,3063982,+
3063993,3064778,+
3064802,3066280,+
3070003,3070100,+
3071734,3071889,+
3081913,3082671,+
3082690,3082836,+
3086187,3086402,+
3086706,3087860,+
3087912,3087937,+
3088284,3089678,+
3089755,3090252,+
3090347,3091054,+
3091134,3091865,+
3091878,3092828,+
3092937,3093500,+
3093500,3093916,+
3093966,3094090,+
3095098,3095802,+
3095820,3096386,+
3096383,3096673,+
3096681,3097274,+
3097267,3098403,+
3098413,3098533,+
3101696,3101774,+
3103013,3104065,+
3104093,3104368,+
3104433,3105512,+
3105714,3106970,+
3109553,3110260,+
3110366,3110441,+
3114378,3114545,+
3119561,3119587,+
3128272,3129036,+
3130146,3131340,+
3130178,3131194,+
3134131,3134823,+
3138727,3139593,+
3139621,3139703,+
3147897,3148937,+
3149662,3150546,+
3150554,3150808,+
3152236,3153423,+
3153563,3154222,+
3155355,3156518,+
3156623,3157450,+
3157650,3158576,+
3158627,3158884,+
3163644,3163673,+
3169828,3170487,+
3170484,3171833,+
3172530,3173111,+
3173142,3173456,+
3178115,3179596,+
3179744,3180415,+
3180421,3181581,+
3181590,3181613,+
3182550,3183323,+
3184840,3185130,+
3185414,3185965,+
3186061,3186089,+
3186096,3187426,+
3186187,3186552,+
3186510,3187415,+
3187421,3189865,+
3189881,3190630,+
3190632,3191696,+
3192208,3192837,+
3192864,3194525,+
3194766,3194825,+
3195141,3195200,+
3201207,3201827,+
3201891,3203129,+
3203144,3203268,+
3204694,3205311,+
3206463,3207374,+
3207371,3207976,+
3208024,3209487,+
3209499,3209518,+
3210781,3210996,+
3211107,3212852,+
3213047,3214888,+
3214892,3214924,+
3215598,3215673,+
3216601,3216678,+
3216779,3217402,+
3217434,3217522,+
3219494,3220873,+
3220880,3220910,+
3221466,3222449,+
3222633,3225725,+
3225722,3226171,+
3226234,3227667,+
3227801,3228871,+
3228888,3231239,+
3231252,3231534,+
3231665,3233683,+
3233699,3233719,+
3234638,3234723,+
3235960,3236463,+
3236540,3237232,+
3237311,3238297,+
3238580,3239545,+
3239664,3240047,+
3239944,3241188,+
3245104,3246522,+
3246652,3247428,+
3247020,3247165,+
3247773,3248435,+
3248439,3248822,+
3248969,3249337,+
3249375,3249680,+
3249683,3250087,+
3250077,3250376,+
3250562,3250954,+
3251024,3252010,+
3252065,3252162,+
3252304,3252669,+
3252683,3252705,+
3252911,3253267,+
3254319,3255020,+
3255043,3255207,+
3255217,3255319,+
3258508,3258676,+
3267380,3267598,+
3267854,3268393,+
3268415,3269602,+
3269722,3269819,+
3275282,3276853,+
3277002,3277337,+
3277337,3277801,+
3277819,3277847,+
3278914,3280194,+
3280217,3280690,+
3280701,3281075,+
3281071,3281625,+
3281702,3281783,+
3281976,3283130,+
3283143,3284003,+
3284170,3284646,+
3284685,3285488,+
3285478,3286269,+
3286270,3287025,+
3287426,3288010,+
3288090,3288785,+
3288814,3291330,+
3291341,3292432,+
3293400,3295436,+
3295394,3295789,+
3295809,3296399,+
3296409,3296984,+
3296999,3297082,+
3298974,3299492,+
3299966,3300268,+
3301485,3302480,+
3302489,3303367,+
3303448,3304455,+
3304504,3304532,+
3311225,3311398,+
3313252,3313328,+
3318637,3319980,+
3327790,3328083,+
3328963,3330396,+
3330460,3330557,+
3333710,3334681,+
3334909,3335187,+
3336919,3336952,+
3340275,3341252,+
3341266,3342252,+
3342273,3342839,+
3342836,3343411,+
3343380,3343937,+
3343944,3344669,+
3344717,3346150,+
3346173,3346460,+
3346578,3347069,+
3347115,3347969,+
3347966,3348238,+
3348452,3349084,+
3350577,3350697,+
3354725,3359185,+
3359198,3360616,+
3360688,3360786,+
3361176,3361940,+
3362112,3362786,+
3362807,3365188,+
3365185,3365551,+
3366751,3366929,+
3366926,3367642,+
3367827,3368954,+
3374869,3376236,+
3380191,3380589,+
3380743,3382110,+
3382200,3383267,+
3382555,3382848,+
3384703,3385173,+
3385538,3385801,+
3389520,3390449,+
3392076,3392383,+
3403484,3404458,+
3404495,3404637,+
3404638,3404733,+
3404638,3405031,+
3404732,3405031,+
3405436,3405906,+
3405917,3407266,+
3407375,3407617,+
3407607,3409058,+
3409070,3409951,+
3410280,3411245,+
3411271,3411567,+
3411653,3412537,+
3412621,3412800,+
3413864,3415021,+
3415033,3418137,+
3418390,3418611,+
3419042,3419107,+
3419042,3420066,+
3419107,3420066,+
3420134,3421315,+
3420857,3420967,+
3421325,3422428,+
3422436,3423194,+
3429236,3429790,+
3433690,3434199,+
3434214,3435161,+
3435207,3436496,+
3436518,3437894,+
3438024,3438434,+
3455578,3456393,+
3456377,3458329,+
3458339,3459820,+
3459817,3461013,+
3461023,3461460,+
3461468,3461977,+
3461974,3462351,+
3462344,3462931,+
3462924,3463907,+
3463922,3465085,+
3465082,3465543,+
3465543,3466220,+
3477640,3477858,+
3481289,3483202,+
3483202,3484224,+
3484218,3484436,+
3484490,3485359,+
3485372,3485393,+
3486120,3486752,+
3486791,3488893,+
3488903,3488958,+
3492568,3493749,+
3493758,3493783,+
3494011,3496554,+
3496551,3496877,+
3497003,3497809,+
3497828,3499201,+
3499448,3499615,+
3499910,3501247,+
3501268,3502290,+
3502340,3503170,+
3503167,3503952,+
3504052,3504783,+
3504786,3504821,+
3512511,3512600,+
3522871,3525423,+
3525478,3525575,+
3526469,3528604,+
3528669,3529337,+
3529348,3529749,+
3529774,3530652,+
3532818,3534440,+
3536812,3537288,+
3537385,3539706,+
3539746,3539779,+
3540163,3540390,+
3540407,3542728,+
3542728,3542964,+
3543167,3544045,+
3544882,3545565,+
3545624,3546199,+
3546222,3546257,+
3546559,3547875,+
3547887,3547973,+
3553085,3555790,+
3555796,3555819,+
3558268,3559866,+
3562013,3563518,+
3563582,3563679,+
3575071,3575664,+
3581138,3581626,+
3581863,3583041,+
3583038,3583418,+
3583428,3584195,+
3583483,3583758,+
3583677,3584180,+
3584196,3584309,+
3584759,3585043,+
3586943,3587383,+
3590933,3590998,+
3592564,3592662,+
3597984,3598367,+
3598397,3598495,+
3604393,3604989,+
3604979,3605248,+
3605751,3606377,+
3606451,3608649,+
3609217,3609882,+
3609955,3610512,+
3611865,3612914,+
3612969,3613556,+
3613667,3615241,+
3615241,3616185,+
3616182,3617015,+
3617015,3617779,+
3617776,3618582,+
3618588,3618989,+
3619192,3623427,+
3623399,3623782,+
3623887,3624237,+
3624378,3625514,+
3625589,3625670,+
3634841,3635893,+
3637642,3639141,+
3639209,3639306,+
3640111,3640545,+
3640862,3642331,+
3645385,3646227,+
3646299,3647651,+
3648063,3648146,+
3648294,3648377,+
3648528,3648881,+
3648935,3650224,+
3650237,3650662,+
3650712,3650811,+
3651291,3652031,+
3653231,3653713,+
3653961,3654527,+
3654683,3655213,+
3656995,3657567,+
3658366,3658893,+
3659232,3660389,+
3660414,3663527,+
3664864,3664968,+
3669592,3671241,+
3672414,3673313,+
3673362,3674375,+
3674381,3674473,+
3674786,3676108,+
3676121,3676281,+
3679419,3680348,+
3680367,3680442,+
3684016,3685709,+
3696458,3698029,+
3698026,3698217,+
3698214,3699893,+
3700136,3700201,+
3700563,3701834,+
3705963,3706060,+
3708272,3708357,+
3713092,3713655,+
3713652,3714092,+
3716547,3717206,+
3717310,3718284,+
3719478,3719768,+
3720049,3720261,+
3720633,3722075,+
3720680,3721201,+
3721198,3722049,+
3722076,3722105,+
3725887,3726882,+
3726635,3726781,+
3731131,3732123,+
3732201,3733742,+
3733720,3734901,+
3734979,3736157,+
3736154,3736324,+
3737497,3739527,+
3739343,3739693,+
3739705,3740958,+
3740964,3741061,+
3742733,3743731,+
3743743,3744210,+
3744328,3744801,+
3744804,3746081,+
3746094,3747080,+
3747084,3748580,+
3748577,3749239,+
3749232,3750092,+
3750086,3750781,+
3750918,3751109,+
3751992,3752966,+
3754860,3754941,+
3762183,3766316,+
3766337,3767179,+
3767221,3768165,+
3768177,3768638,+
3768639,3768890,+
3768892,3768975,+
3768892,3769256,+
3768975,3769256,+
3769345,3769671,+
3769345,3769783,+
3769673,3769783,+
3769948,3770034,+
3769948,3770146,+
3770033,3770146,+
3772281,3774194,+
3774236,3774334,+
3774424,3775572,+
3775572,3776159,+
3776665,3777027,+
3777064,3777097,+
3777399,3779054,+
3779054,3779830,+
3779827,3781017,+
3781215,3781688,+
3781698,3781726,+
3785260,3786804,+
3786838,3788097,+
3788101,3789060,+
3793987,3794919,+
3794929,3795975,+
3795979,3796938,+
3796948,3798207,+
3808540,3809817,+
3809825,3810304,+
3810312,3810333,+
3812731,3813951,+
3813932,3814387,+
3814494,3815090,+
3815097,3815118,+
3816331,3816655,+
3816676,3817539,+
3817760,3818584,+
3818874,3819491,+
3821428,3822051,+
3822106,3822381,+
3822400,3824508,+
3824515,3825204,+
3825210,3827291,+
3826066,3826225,+
3827338,3827416,+
3828945,3830336,+
3830457,3832166,+
3832178,3832204,+
3836222,3836316,+
3836425,3836556,+
3836953,3838137,+
3838248,3839171,+
3840215,3840508,+
3841876,3841944,+
3843964,3845730,+
3853553,3853642,+
3853712,3853747,+
3853922,3855106,+
3856415,3856864,+
3860283,3861176,+
3863899,3864615,+
3867728,3868060,+
3869377,3870441,+
3875438,3876094,+
3877586,3877683,+
3884336,3884476,+
3884493,3884852,+
3884816,3885073,+
3885076,3886722,+
3886778,3886806,+
3886828,3888192,+
3888435,3888509,+
3888730,3890145,+
3890236,3891483,+
3891615,3892790,+
3892765,3893724,+
3893881,3894630,+
3894652,3895218,+
3896774,3897439,+
3897506,3897973,+
3898022,3898609,+
3898631,3898656,+
3908387,3908450,+
3910443,3910477,+
3925744,3925975,+
3927155,3928147,+
3931316,3933184,+
3933351,3933770,+
3933778,3935283,+
3935288,3936253,+
3936278,3937168,+
3937294,3938223,+
3938227,3939219,+
3941808,3943349,+
3943435,3943510,+
3943704,3946607,+
3946700,3946819,+
3946872,3946948,+
3946957,3947032,+
3948086,3948424,+
3950322,3950420,+
3950507,3950557,+
3950560,3951543,+
3950560,3952204,+
3951542,3952204,+
3952201,3952464,+
3952484,3953413,+
3953478,3955328,+
3955331,3956875,+
3956884,3956909,+
3957970,3959445,+
3960677,3962698,+
3962700,3962735,+
3965761,3966090,+
3966417,3967676,+
3967172,3967440,+
3967916,3969019,+
3969031,3970077,+
3970133,3971263,+
3971260,3972522,+
3972522,3973589,+
3973608,3974489,+
3974467,3975141,+
3975146,3976276,+
3976278,3977528,+
3977525,3978604,+
3978601,3979953,+
3979956,3980696,+
3980887,3982272,+
3982375,3982451,+
3982509,3982585,+
3982606,3982692,+
3982735,3982811,+
3982958,3984193,+
3984220,3984323,+
3986432,3986638,+
3991153,3993699,+
3994522,3994725,+
3994762,3995586,+
3995583,3996290,+
3996287,3997183,+
3997183,3997899,+
3997983,4000145,+
4000150,4000252,+
4001426,4002376,+
4004862,4005731,+
4005864,4007693,+
4007757,4008377,+
4008397,4008430,+
4009170,4010192,+
4010200,4011000,+
4011076,4011975,+
4013053,4015314,+
4015322,4015344,+
4016431,4017192,+
4017333,4018760,+
4018855,4019610,+
4019624,4020229,+
4019978,4020229,+
4020226,4021866,+
4021945,4022214,+
4022218,4022733,+
4022736,4023512,+
4023554,4024336,+
4024988,4026481,+
4026527,4027228,+
4027322,4027602,+
4031161,4032492,+
4032492,4033106,+
4033145,4034596,+
4034608,4035153,+
4035531,4037072,+
4037141,4037217,+
4037260,4037335,+
4037519,4040423,+
4040517,4040636,+
4040864,4040899,+
4042069,4042338,+
4042415,4043401,+
4043418,4044044,+
4044199,4045629,+
4046966,4049752,+
4049899,4050007,+
4050033,4050111,+
4051036,4051280,+
4051347,4051856,+
4052045,4053418,+
4053530,4053613,+
4056471,4056555,+
4058407,4060230,+
4060447,4061157,+
4061165,4062145,+
4062247,4063512,+
4063519,4063593,+
4071060,4071140,+
4073739,4074635,+
4074669,4075454,+
4075553,4076152,+
4076146,4077018,+
4077015,4077452,+
4077449,4078438,+
4079297,4079509,+
4079751,4079969,+
4080020,4080117,+
4086016,4086849,+
4087002,4088057,+
4088081,4088101,+
4094316,4094717,+
4097736,4098572,+
4098646,4099494,+
4100810,4101430,+
4101690,4102673,+
4102696,4102721,+
4102822,4103496,+
4103507,4103590,+
4105820,4106320,+
4106469,4107371,+
4107552,4108514,+
4108571,4108668,+
4108834,4109823,+
4109930,4110685,+
4110710,4110728,+
4112315,4112755,+
4112967,4113266,+
4113293,4113721,+
4115677,4115706,+
4118515,4118760,+
4127013,4127225,+
4127952,4128048,+
4128672,4129832,+
4129835,4132267,+
4132347,4132380,+
4132616,4133506,+
4133835,4136015,+
4136108,4137013,+
4137789,4137886,+
4142530,4143609,+
4143624,4143944,+
4143995,4146292,+
4146258,4147136,+
4147138,4147479,+
4148430,4148511,+
4153347,4153692,+
4155001,4156005,+
4156013,4156789,+
4156850,4158223,+
4158490,4159407,+
4161124,4161771,+
4161771,4162130,+
4162141,4162162,+
4163639,4165483,+
4165428,4166285,+
4166659,4168200,+
4168372,4168447,+
4168641,4171544,+
4171637,4171756,+
4172057,4173085,+
4173082,4174047,+
4175388,4175463,+
4175472,4175556,+
4175673,4175747,+
4175754,4175829,+
4175944,4177128,+
4177358,4177741,+
4177743,4178288,+
4178447,4178875,+
4178879,4179583,+
4179996,4180493,+
4180560,4180925,+
4181245,4185273,+
4185350,4189573,+
4185460,4186051,+
4189786,4190325,+
4196903,4197676,+
4197716,4198780,+
4198790,4199461,+
4199504,4200094,+
4200281,4200553,+
4200566,4201261,+
4201926,4203323,+
4203320,4204645,+
4208147,4209688,+
4209774,4209849,+
4210043,4212946,+
4213040,4213159,+
4213234,4213617,+
4214280,4215209,+
4215478,4217079,+
4217109,4218413,+
4218436,4218567,+
4218596,4220332,+
4223828,4227511,+
4227731,4229362,+
4229376,4229445,+
4230354,4231226,+
4233758,4235407,+
4235421,4235497,+
4235906,4236148,+
4236262,4236900,+
4236897,4237634,+
4237634,4239730,+
4240157,4240193,+
4240325,4240735,+
4245092,4245217,+
4246784,4247899,+
4247971,4249311,+
4249321,4249445,+
4249554,4250474,+
4250703,4250885,+
4250703,4252283,+
4250885,4250959,+
4250961,4252283,+
4252506,4253003,+
4253016,4253888,+
4253901,4254030,+
4256637,4257005,+
4257115,4257723,+
4257742,4259121,+
4259237,4259446,+
4260321,4260575,+
4260599,4261306,+
4261669,4262706,+
4262840,4263082,+
4264314,4265729,+
4265782,4266861,+
4266888,4266984,+
4267114,4268307,+
4268317,4268340,+
4269414,4270127,+
4270238,4270654,+
4270658,4271014,+
4274125,4274661,+
4275471,4277057,+
4277469,4277933,+
4278479,4279828,+
4279980,4281629,+
4285302,4285378,+
4287764,4289200,+
4289245,4289811,+
4289808,4290479,+
4290476,4291432,+
4291512,4293170,+
4293163,4293546,+
4293543,4294139,+
4294481,4295794,+
4295835,4296434,+
4311014,4311095,+
4313350,4313799,+
4313868,4314197,+
4317917,4317999,+
4323246,4323332,+
4325802,4326384,+
4327135,4329363,+
4329360,4330238,+
4330502,4332004,+
4332014,4332045,+
4332116,4332205,+
4341911,4343266,+
4343369,4344790,+
4344815,4344909,+
4351843,4352073,+
4352085,4352357,+
4352584,4352880,+
4352908,4353081,+
4366487,4366790,+
4368664,4369140,+
4370688,4370981,+
4371025,4372671,+
4372809,4373162,+
4373197,4373295,+
4374498,4374596,+
4375699,4376265,+
4376317,4376442,+
4376553,4376699,+
4376875,4377192,+
4382643,4383620,+
4383839,4385341,+
4385393,4385707,+
4385704,4386018,+
4386019,4386038,+
4391604,4392149,+
4392360,4392435,+
4392472,4392547,+
4392583,4392658,+
4392892,4392945,+
4394066,4395613,+
4395585,4396046,+
4396065,4397402,+
4397412,4399259,+
4399252,4400202,+
4400288,4400596,+
4400672,4401952,+
4402038,4403297,+
4403300,4404304,+
4404386,4404583,+
4404687,4405985,+
4406190,4406615,+
4406654,4409095,+
4409153,4409250,+
4409275,4410006,+
4410133,4410534,+
4410553,4411251,+
4411302,4411961,+
4411979,4412377,+
4412387,4413025,+
4413028,4414191,+
4414275,4415900,+
4415958,4415991,+
4416952,4417701,+
4419980,4421377,+
4421393,4421698,+
4421708,4422172,+
4422186,4422836,+
4422846,4423700,+
4423700,4424386,+
4425118,4425513,+
4425520,4425834,+
4425839,4426066,+
4426108,4426557,+
4427694,4428095,+
4428935,4429555,+
4429864,4431276,+
4431289,4431313,+
4434113,4434493,+
4434496,4434606,+
4435903,4436552,+
4436755,4437495,+
4437707,4438645,+
4439587,4439793,+
4441393,4441490,+
4442382,4444115,+
4444112,4447891,+
4447894,4448235,+
4448447,4448698,+
4448692,4449042,+
4449962,4450918,+
4450944,4451028,+
4451058,4452560,+
4452571,4453596,+
4453583,4454578,+
4455785,4457158,+
4457185,4457268,+
4457959,4459311,+
4459490,4459855,+
4460415,4460498,+
4467431,4467484,+
4467625,4470321,+
4470381,4470468,+
4474124,4474717,+
4474862,4475314,+
4475437,4477251,+
4478473,4478889,+
4478939,4478972,+
4479730,4480926,+
4480939,4480956,+
4484333,4484416,+
4486218,4487318,+
4487318,4488400,+
4488505,4488540,+
4494623,4495186,+
4496405,4496489,+
4496675,4497940,+
4498181,4499511,+
4498272,4498637,+
4498595,4499500,+
4501260,4501589,+
4504058,4505275,+
4505287,4506405,+
4506448,4506573,+
4506861,4507109,+
4507125,4507458,+
4507197,4507451,+
4509007,4509801,+
4509009,4509793,+
4509804,4510133,+
4518472,4519239,+
4518527,4518802,+
4518721,4519224,+
4527977,4528066,+
4534791,4535003,+
4534791,4536031,+
4535003,4536031,+
4536405,4536430,+
4540957,4541559,+
4542037,4542633,+
4543115,4543663,+
4543728,4544267,+
4544304,4545029,+
4545096,4547732,+
4547742,4548272,+
4548285,4548788,+
4548808,4549710,+
4549783,4549818,+
4551636,4552820,+
4552901,4554361,+
4554505,4554538,+
4554576,4555349,+
4556993,4557385,+
4560930,4561484,+
4568998,4569918,+
4569946,4570044,+
4571751,4571915,+
4572414,4573916,+
4573919,4576855,+
4579835,4579911,+
4586949,4587863,+
4587872,4587898,+
4591657,4593312,+
4593326,4593351,+
4595990,4597012,+
4597097,4597135,+
4603477,4604202,+
4604160,4604837,+
4605804,4606040,+
4606558,4606649,+
4607803,4608216,+
4608185,4608631,+
4608646,4609323,+
4609414,4611003,+
4611396,4612001,+
4612128,4612289,+
4612411,4613484,+
4613481,4614260,+
4614257,4614644,+
4617323,4618102,+
4618117,4618198,+
4618229,4619551,+
4619603,4620826,+
4620883,4621602,+
4621769,4623100,+
4624895,4625863,+
4625912,4627294,+
4627315,4628547,+
4628695,4628844,+
4630733,4632670,+
4632760,4633086,+
4633091,4633230,+
4633797,4634444,+
4635521,4635994,+
4636007,4636696,+
4636696,4638120,+
4638178,4639530,+
