4639674,4639674,-
4633991,4633215,-
4633145,4631715,-
4629746,4629180,-
4629031,4628318,-
4628292,4627888,-
4622923,4622771,-
4622923,4622714,-
4619878,4619111,-
4619863,4619360,-
4619441,4619166,-
4618859,4618596,-
4604893,4604303,-
4604297,4603512,-
4603403,4601850,-
4601776,4600559,-
4600430,4599288,-
4599257,4597743,-
4589294,4588452,-
4588445,4588068,-
4588065,4587244,-
4587247,4586258,-
4586258,4584972,-
4584919,4582565,-
4579987,4579328,-
4579316,4576410,-
4576245,4573894,-
4573819,4573124,-
4572839,4571337,-
4571326,4569626,-
4567445,4566747,-
4566763,4565153,-
4565177,4564194,-
4564030,4562375,-
4560826,4560221,-
4560210,4558810,-
4558807,4557716,-
4557716,4556145,-
4556052,4555966,-
4528025,4527828,-
4527818,4527075,-
4527075,4526455,-
4525152,4523950,-
4523960,4522575,-
4522565,4522125,-
4521922,4521029,-
4519496,4518123,-
4510267,4508414,-
4504886,4504092,-
4504076,4503210,-
4503104,4502757,-
4500839,4498449,-
4497666,4497004,-
4493360,4492980,-
4491730,4490879,-
4490867,4490073,-
4489959,4488721,-
4488671,4488075,-
4488048,4487443,-
4487431,4486862,-
4486845,4484248,-
4484213,4483473,-
4483375,4482791,-
4482421,4481942,-
4481945,4480548,-
4480488,4479562,-
4479525,4479070,-
4478892,4478188,-
4478173,4477643,-
4466072,4464792,-
4462673,4462050,-
4462012,4461212,-
4461219,4460521,-
4455965,4455579,-
4455417,4454605,-
4454551,4453727,-
4453696,4451024,-
4450962,4450168,-
4425996,4425742,-
4425749,4425549,-
4423495,4422671,-
4422617,4420899,-
4420787,4420080,-
4420083,4419679,-
4419561,4418746,-
4418706,4418053,-
4418060,4417029,-
4409707,4408793,-
4407077,4405719,-
4405647,4404892,-
4404139,4403672,-
4401417,4400938,-
4400928,4400572,-
4400255,4399485,-
4398815,4396371,-
4394609,4393869,-
4393713,4393435,-
4393432,4393172,-
4391316,4389604,-
4385415,4383958,-
4381766,4380999,-
4380629,4379574,-
4376524,4376462,-
4376346,4376005,-
4375984,4375667,-
4375648,4375427,-
4375418,4374942,-
4374926,4374468,-
4374370,4374131,-
4374054,4373587,-
4373564,4373121,-
4373121,4372900,-
4372898,4372707,-
4372490,4371669,-
4371577,4370714,-
4370385,4369492,-
4365719,4364525,-
4365573,4364557,-
4361918,4360872,-
4360860,4360513,-
4360511,4359744,-
4360496,4359993,-
4360074,4359799,-
4359560,4359312,-
4359560,4359249,-
4359247,4358939,-
4358845,4357691,-
4351270,4350512,-
4350373,4349369,-
4349040,4348273,-
4349025,4348522,-
4348603,4348328,-
4347352,4346726,-
4346454,4345756,-
4345729,4344875,-
4344535,4344095,-
4343978,4342578,-
4342293,4341955,-
4341960,4341883,-
4341904,4340948,-
4340938,4338740,-
4338743,4337787,-
4337790,4337101,-
4335821,4335492,-
4335179,4334469,-
4334500,4332857,-
4332867,4330342,-
4330316,4329648,-
4329590,4329003,-
4328928,4328338,-
4327300,4327160,-
4327160,4326897,-
4326533,4326432,-
4325958,4325869,-
4323188,4322505,-
4321948,4321355,-
4321343,4321107,-
4320998,4319673,-
4314978,4314310,-
4314097,4312427,-
4312413,4310941,-
4310927,4310340,-
4306173,4305241,-
4305149,4304652,-
4294008,4293337,-
4292817,4291231,-
4281883,4280984,-
4278425,4277814,-
4277748,4276495,-
4276443,4273369,-
4273246,4272164,-
4272087,4271254,-
4262139,4261306,-
4261212,4260103,-
4260068,4259793,-
4259605,4258832,-
4258830,4258415,-
4257083,4256802,-
4256935,4255739,-
4255615,4255058,-
4250921,4249947,-
4247965,4246708,-
4247935,4247069,-
4247072,4246773,-
4244544,4243387,-
4240649,4240341,-
4239845,4238751,-
4234839,4234030,-
4230566,4229655,-
4228377,4227193,-
4227067,4223921,-
4223924,4222722,-
4215337,4214756,-
4208545,4207661,-
4207362,4206823,-
4202513,4201539,-
4201359,4199497,-
4199472,4198573,-
4198573,4198331,-
4196623,4196033,-
4196070,4195159,-
4194372,4193008,-
4192859,4191969,-
4191957,4191628,-
4191628,4191014,-
4191024,4189033,-
4189011,4188064,-
4187604,4186129,-
4186085,4185507,-
4174822,4174127,-
4174062,4172362,-
4165373,4164513,-
4163692,4163303,-
4162607,4161057,-
4160893,4160423,-
4160307,4159756,-
4159584,4159366,-
4159340,4158966,-
4158420,4155271,-
4155248,4154055,-
4149564,4149403,-
4149389,4148862,-
4140660,4139701,-
4138112,4136436,-
4136198,4134978,-
4133071,4132592,-
4132388,4131594,-
4130799,4128295,-
4125273,4124815,-
4124818,4123901,-
4122249,4121395,-
4121334,4120525,-
4120535,4119909,-
4110079,4110014,-
4110079,4109658,-
4110014,4109658,-
4109542,4108448,-
4108379,4107453,-
4096413,4095628,-
4095617,4094382,-
4094360,4093311,-
4088147,4087080,-
4087083,4086574,-
4086456,4085734,-
4085731,4085237,-
4083642,4083121,-
4083013,4082801,-
4082799,4081933,-
4075826,4075194,-
4074859,4073696,-
4073816,4073595,-
4073576,4073298,-
4065145,4065088,-
4065083,4063889,-
4064937,4063921,-
4063888,4062849,-
4061074,4060781,-
4060490,4060080,-
4059423,4059229,-
4057522,4056870,-
4057522,4056868,-
4056871,4056868,-
4054994,4054041,-
4053527,4052766,-
4052583,4051693,-
4051692,4048720,-
4048733,4046496,-
4046346,4044904,-
4044914,4044231,-
4036258,4035011,-
4034903,4034250,-
4034156,4033788,-
4033723,4033475,-
4033409,4032291,-
4030215,4029595,-
4029420,4027180,-
4020290,4019475,-
4019478,4018486,-
4018489,4017485,-
4016120,4015164,-
4007285,4006197,-
4004927,4004298,-
4004325,4003105,-
4002958,4002056,-
4001847,4001101,-
3998235,3997807,-
3996117,3995707,-
3995477,3994671,-
3994557,3993094,-
3993043,3992165,-
3992190,3991639,-
3991635,3990103,-
3990092,3989184,-
3989187,3988891,-
3988876,3987818,-
3985091,3983706,-
3982119,3981736,-
3980423,3979458,-
3979249,3978296,-
3978037,3977396,-
3977295,3977032,-
3976922,3975711,-
3975572,3974484,-
3974473,3973361,-
3973358,3971457,-
3971426,3970959,-
3970955,3970638,-
3970378,3969767,-
3969743,3969102,-
3969100,3968069,-
3968069,3967488,-
3967473,3964891,-
3964104,3963127,-
3960822,3960268,-
3957951,3956281,-
3956197,3955262,-
3955144,3954419,-
3954419,3953745,-
3953745,3953005,-
3952835,3951927,-
3951823,3950629,-
3951677,3950661,-
3950331,3948793,-
3948768,3947890,-
3947800,3947333,-
3947336,3946296,-
3946143,3944719,-
3943244,3943170,-
3943132,3943058,-
3943010,3942934,-
3942918,3942844,-
3942809,3942735,-
3942711,3942627,-
3942617,3942541,-
3942161,3940497,-
3940100,3939348,-
3939300,3938080,-
3938071,3936923,-
3936863,3936063,-
3929474,3929028,-
3929035,3928949,-
3928739,3928209,-
3928069,3927776,-
3927636,3926872,-
3923727,3923077,-
3922953,3922804,-
3922728,3921409,-
3921412,3919214,-
3918618,3917941,-
3917944,3915260,-
3915267,3914695,-
3914686,3912638,-
3912615,3910942,-
3910942,3910853,-
3898599,3897118,-
3892951,3891905,-
3891753,3890692,-
3890695,3889967,-
3889952,3887505,-
3887445,3886879,-
3886489,3885206,-
3874521,3873799,-
3855792,3854851,-
3854737,3854357,-
3852831,3852079,-
3851877,3850837,-
3850843,3849695,-
3849691,3848645,-
3848635,3847619,-
3847358,3845886,-
3845818,3845030,-
3842061,3841243,-
3840052,3839099,-
3833676,3832393,-
3832241,3831765,-
3831706,3830417,-
3823935,3823027,-
3818132,3817176,-
3817176,3815935,-
3815938,3815177,-
3814672,3813566,-
3813555,3812422,-
3812429,3810693,-
3810700,3809702,-
3809702,3809031,-
3807206,3806724,-
3802009,3801749,-
3801484,3801218,-
3801144,3800467,-
3800425,3798143,-
3797878,3797618,-
3796419,3794194,-
3793933,3793211,-
3793214,3792555,-
3792416,3791670,-
3791266,3790763,-
3790464,3789577,-
3788660,3787077,-
3786805,3786677,-
3784850,3783930,-
3781878,3780613,-
3780461,3779646,-
3779500,3777068,-
3777062,3776163,-
3775294,3774545,-
3774545,3773310,-
3762964,3761639,-
3759820,3759194,-
3757698,3756940,-
3756882,3756286,-
3754728,3754444,-
3754358,3753543,-
3753543,3752335,-
3751698,3751620,-
3751540,3749855,-
3749178,3748921,-
3739830,3739099,-
3738808,3738140,-
3738140,3737424,-
3737417,3736686,-
3736668,3735940,-
3735722,3735207,-
3733934,3732921,-
3732822,3731392,-
3731381,3730380,-
3730343,3728625,-
3728492,3727524,-
3727512,3725860,-
3725716,3724817,-
3724322,3723627,-
3721546,3720554,-
3717308,3717084,-
3713790,3713703,-
3713449,3713231,-
3712946,3712242,-
3712200,3710479,-
3710478,3708712,-
3708589,3707624,-
3694743,3694117,-
3691014,3690106,-
3689334,3688594,-
3688402,3686120,-
3686065,3685208,-
3684802,3683042,-
3667052,3666273,-
3655155,3653965,-
3653780,3652692,-
3652089,3650689,-
3650520,3649318,-
3646397,3645630,-
3645633,3644842,-
3644831,3643686,-
3643689,3642730,-
3642737,3642162,-
3633183,3632074,-
3623722,3623204,-
3623135,3621375,-
3620661,3619621,-
3619264,3618755,-
3617944,3615791,-
3615772,3615326,-
3613117,3612659,-
3612563,3611901,-
3611270,3610953,-
3610895,3609705,-
3609335,3609006,-
3608915,3608256,-
3608049,3607962,-
3597644,3595464,-
3595444,3594998,-
3595010,3593871,-
3593825,3591729,-
3591729,3590983,-
3590986,3590342,-
3590235,3589930,-
3588711,3588499,-
3587385,3586312,-
3586240,3583496,-
3582412,3581720,-
3577124,3576819,-
3576819,3575899,-
3572810,3572583,-
3572562,3571966,-
3571163,3569835,-
3569814,3569320,-
3569309,3568719,-
3568709,3567909,-
3567901,3567515,-
3567503,3566811,-
3566811,3565663,-
3564754,3560792,-
3553568,3553155,-
3553153,3551828,-
3551835,3549817,-
3549808,3547385,-
3545429,3544172,-
3545399,3544533,-
3544536,3544237,-
3542109,3542022,-
3538823,3537990,-
3537963,3537547,-
3537522,3537133,-
3537128,3536478,-
3531890,3530733,-
3525867,3525493,-
3525410,3524184,-
3524012,3523092,-
3521773,3521198,-
3521194,3520628,-
3520367,3520227,-
3520206,3519088,-
3518973,3518719,-
3518432,3518187,-
3518113,3517067,-
3516961,3516401,-
3516267,3515620,-
3515556,3514348,-
3510260,3509844,-
3509839,3509546,-
3509470,3508811,-
3498492,3495307,-
3493663,3493079,-
3480312,3478123,-
3471474,3470842,-
3470262,3469300,-
3469156,3465710,-
3465582,3464509,-
3459195,3458407,-
3458410,3457949,-
3457891,3456845,-
3456848,3456054,-
3456057,3455230,-
3455216,3454080,-
3452555,3451434,-
3451358,3449898,-
3449898,3449227,-
3449058,3447688,-
3447684,3447043,-
3447007,3445901,-
3445847,3445386,-
3445376,3444723,-
3442807,3442142,-
3442141,3441437,-
3439995,3438868,-
3438887,3438642,-
3437898,3437590,-
3437415,3436741,-
3431157,3430555,-
3430555,3430055,-
3427994,3427671,-
3426971,3426567,-
3426346,3425615,-
3425410,3424199,-
3417369,3417040,-
3417030,3416686,-
3416684,3416511,-
3415395,3415129,-
3415125,3414313,-
3414289,3413594,-
3412603,3412202,-
3410191,3409280,-
3407174,3406644,-
3406498,3404957,-
3403965,3402433,-
3399339,3397603,-
3397508,3396594,-
3395881,3395147,-
3393995,3392298,-
3391978,3390560,-
3390549,3389917,-
3389906,3388836,-
3386589,3383722,-
3382953,3381862,-
3381745,3381161,-
3380550,3378871,-
3378746,3377799,-
3377648,3376797,-
3376797,3376174,-
3370506,3370399,-
3369971,3369864,-
3369436,3369329,-
3368925,3367825,-
3366428,3366075,-
3364495,3363845,-
3363852,3362056,-
3352608,3352438,-
3352587,3352498,-
3352430,3352346,-
3352136,3352052,-
3351892,3351050,-
3351000,3350542,-
3347165,3346752,-
3345248,3344682,-
3345248,3344352,-
3345248,3344269,-
3344682,3344533,-
3344534,3344352,-
3344228,3341553,-
3332853,3332524,-
3332489,3331029,-
3330658,3329405,-
3329105,3328809,-
3327826,3327428,-
3327323,3326784,-
3326754,3326011,-
3324956,3324450,-
3324404,3323904,-
3323818,3323639,-
3323258,3322452,-
3322452,3321259,-
3321247,3319886,-
3319885,3318290,-
3318290,3316728,-
3316636,3316592,-
3311907,3311317,-
3311320,3310562,-
3309257,3309006,-
3301104,3300514,-
3296564,3296346,-
3296077,3295328,-
3295238,3295065,-
3294917,3292932,-
3292696,3290762,-
3290694,3289567,-
3289423,3288635,-
3288267,3287914,-
3287846,3287040,-
3287038,3286046,-
3286046,3285156,-
3285169,3284204,-
3284207,3282564,-
3282251,3282006,-
3281872,3280487,-
3280184,3278766,-
3272739,3271762,-
3256711,3255713,-
3251369,3250863,-
3249804,3249076,-
3248949,3248812,-
3248806,3248741,-
3248741,3247821,-
3244783,3243752,-
3242002,3241052,-
3240900,3240148,-
3239953,3239438,-
3239427,3237901,-
3237864,3236419,-
3236419,3235109,-
3234018,3233923,-
3233111,3231879,-
3228661,3227726,-
3227674,3226439,-
3226437,3226222,-
3226143,3225934,-
3225941,3225747,-
3225690,3224881,-
3224888,3222288,-
3222186,3221911,-
3221836,3221666,-
3221666,3221445,-
3220518,3220363,-
3220352,3220218,-
3219909,3219433,-
3212075,3210880,-
3211928,3210948,-
3206590,3206000,-
3205683,3205450,-
3204716,3204666,-
3204489,3204055,-
3203914,3202781,-
3202414,3198890,-
3198353,3197931,-
3197820,3196831,-
3193296,3192391,-
3190598,3188325,-
3188077,3186032,-
3174509,3174444,-
3171764,3170434,-
3171753,3170848,-
3170890,3170525,-
3157419,3156814,-
3149961,3149710,-
3149961,3148961,-
3149710,3148961,-
3148231,3148168,-
3147752,3147603,-
3147712,3147545,-
3145526,3144603,-
3140205,3139225,-
3136456,3136025,-
3134769,3133594,-
3130840,3130610,-
3122575,3122480,-
3121792,3121343,-
3121346,3120828,-
3118711,3116609,-
3115193,3113694,-
3106392,3105823,-
3104709,3103816,-
3103737,3103057,-
3103060,3102365,-
3102365,3100821,-
3100824,3097084,-
3097002,3095614,-
3095290,3094910,-
3095290,3093960,-
3094910,3093960,-
3093924,3093646,-
3093386,3092505,-
3087276,3086992,-
3086846,3085836,-
3085702,3084005,-
3083848,3083711,-
3083609,3083394,-
3082562,3081636,-
3081643,3080657,-
3080660,3079764,-
3079767,3078745,-
3078743,3077193,-
3077179,3076598,-
3076340,3073941,-
3073916,3072534,-
3072170,3070851,-
3070720,3069185,-
3069029,3067629,-
3067267,3064472,-
3064427,3062055,-
3062017,3060332,-
3060041,3058884,-
3058832,3057150,-
3056748,3055987,-
3055912,3055715,-
3055467,3053188,-
3052854,3051940,-
3051881,3051378,-
3051365,3050835,-
3050821,3049595,-
3049340,3049248,-
3049340,3049138,-
3049248,3049138,-
3048924,3048897,-
3048820,3047498,-
3047498,3047232,-
3047009,3041687,-
3041057,3039465,-
3039386,3038433,-
3031566,3030652,-
3030445,3028994,-
3028767,3027820,-
3027708,3027349,-
3027349,3026423,-
3026359,3024971,-
3021431,3020766,-
3019436,3018537,-
3016857,3016760,-
3016714,3015824,-
3015569,3015177,-
3014339,3012294,-
3010221,3008761,-
3008672,3007389,-
3007388,2986931,-
3005364,3004789,-
3004789,3003827,-
3003834,3003307,-
3002065,3001892,-
3001720,3001565,-
3001219,3001007,-
3000644,3000147,-
3000594,3000340,-
3000150,2999617,-
2999620,2999309,-
2999304,2999089,-
2998335,2998120,-
2997185,2996433,-
2996419,2995370,-
2995023,2994772,-
2994555,2994400,-
2994328,2994041,-
2994041,2993802,-
2992500,2992318,-
2992316,2992038,-
2992054,2991824,-
2986919,2986836,-
2986778,2985759,-
2985747,2984533,-
2984327,2984001,-
2982927,2982217,-
2973150,2972455,-
2972330,2971110,-
2970975,2970082,-
2966854,2966525,-
2966538,2966173,-
2964702,2963314,-
2963303,2961771,-
2957979,2957644,-
2954489,2953086,-
2952943,2951297,-
2948088,2946823,-
2946784,2945411,-
2945414,2943603,-
2943212,2942622,-
2942401,2941634,-
2941522,2940494,-
2936406,2935366,-
2924648,2923785,-
2923726,2922452,-
2922323,2921667,-
2921608,2921279,-
2921181,2920072,-
2919284,2918850,-
2915540,2915019,-
2914938,2914042,-
2913993,2913754,-
2905920,2905573,-
2903553,2902384,-
2902218,2902129,-
2900808,2899876,-
2897073,2896432,-
2894803,2893547,-
2890927,2890115,-
2890111,2889326,-
2889329,2888661,-
2888597,2887950,-
2887946,2885844,-
2885823,2885197,-
2884742,2884533,-
2881953,2880949,-
2880800,2880384,-
2880371,2879151,-
2879154,2877883,-
2877908,2877162,-
2877152,2875665,-
2875656,2875288,-
2874961,2874894,-
2874740,2874552,-
2874452,2874042,-
2874045,2870989,-
2861284,2860373,-
2854940,2852562,-
2849866,2848430,-
2848367,2847654,-
2847407,2846943,-
2846865,2846116,-
2846116,2845565,-
2845502,2844522,-
2844421,2844122,-
2844117,2841730,-
2841715,2840732,-
2840448,2840404,-
2840281,2839925,-
2839872,2839675,-
2839578,2839036,-
2839032,2837104,-
2834349,2833591,-
2830977,2830441,-
2827345,2826542,-
2826253,2826011,-
2823288,2822539,-
2822526,2821174,-
2821069,2820227,-
2820219,2819869,-
2819818,2818460,-
2818375,2818055,-
2817756,2817418,-
2815312,2814737,-
2814534,2814049,-
2813719,2812751,-
2812758,2811415,-
2811418,2809940,-
2809943,2808909,-
2808912,2807692,-
2798891,2798271,-
2797811,2797539,-
2795843,2794803,-
2794675,2792714,-
2792709,2791666,-
2791549,2790998,-
2787053,2785695,-
2785578,2784820,-
2784683,2783703,-
2783693,2782746,-
2782741,2781905,-
2781884,2780841,-
2780824,2779445,-
2779418,2778342,-
2777972,2777700,-
2777658,2777245,-
2774892,2774038,-
2773948,2773202,-
2765596,2765492,-
2764919,2764098,-
2762396,2762142,-
2760667,2760419,-
2760271,2760089,-
2760085,2759726,-
2759553,2758915,-
2758788,2757865,-
2752810,2751683,-
2751613,2749928,-
2749723,2749142,-
2749102,2748407,-
2748349,2746439,-
2745122,2744943,-
2739645,2738089,-
2733423,2732614,-
2732448,2732239,-
2732226,2732083,-
2731413,2731126,-
2731051,2730908,-
2730366,2729575,-
2727979,2727098,-
2726906,2724858,-
2724838,2724140,-
2724043,2723546,-
2717361,2716705,-
2716510,2716390,-
2716309,2715968,-
2715955,2715083,-
2715079,2714705,-
2712895,2710835,-
2710626,2709967,-
2709640,2709284,-
2709217,2708927,-
2707559,2706918,-
2706881,2705070,-
2704835,2703360,-
2700452,2699481,-
2699361,2698039,-
2698023,2697091,-
2695328,2694318,-
2694309,2693698,-
2693559,2693494,-
2692819,2692298,-
2692263,2691523,-
2691494,2691042,-
2690924,2689152,-
2685096,2682667,-
2682642,2681542,-
2681154,2680408,-
2680394,2679828,-
2677094,2676702,-
2676702,2674624,-
2674631,2673483,-
2673281,2672637,-
2672626,2672237,-
2672222,2671173,-
2671170,2670310,-
2670291,2668690,-
2668644,2666983,-
2666838,2666335,-
2666314,2664350,-
2664345,2663419,-
2663422,2662535,-
2662408,2661830,-
2661827,2661477,-
2661171,2660404,-
2661156,2660653,-
2660734,2660459,-
2659486,2658062,-
2658087,2657287,-
2657120,2656134,-
2656119,2654605,-
2654535,2653546,-
2652167,2651916,-
2651801,2651715,-
2650423,2650184,-
2648720,2648055,-
2647859,2647773,-
2647760,2647687,-
2647632,2647557,-
2647405,2646857,-
2646800,2644968,-
2644971,2644315,-
2643564,2642842,-
2642612,2641860,-
2641863,2641195,-
2641180,2640194,-
2640089,2639289,-
2639201,2638650,-
2638604,2637885,-
2637564,2636068,-
2631997,2631584,-
2628451,2628317,-
2628451,2627323,-
2628311,2627634,-
2627634,2627323,-
2626974,2626660,-
2615039,2614851,-
2614447,2614361,-
2613351,2611657,-
2611486,2611304,-
2611225,2610308,-
2609226,2608756,-
2608775,2607357,-
2607290,2606595,-
2606555,2606190,-
2602880,2601522,-
2601522,2600851,-
2596206,2596117,-
2587398,2586346,-
2581647,2581572,-
2581471,2579984,-
2579710,2578760,-
2578658,2577741,-
2577283,2576351,-
2576286,2575207,-
2575195,2574452,-
2574455,2573910,-
2573606,2573520,-
2573515,2572321,-
2573369,2572353,-
2572314,2572216,-
2572314,2571782,-
2572216,2571782,-
2571413,2571255,-
2570733,2569403,-
2570722,2569817,-
2569859,2569494,-
2561125,2560997,-
2560642,2560313,-
2560141,2559083,-
2558885,2558412,-
2558293,2557127,-
2555448,2555221,-
2555207,2554149,-
2553970,2552612,-
2552622,2552560,-
2552345,2551416,-
2551370,2550546,-
2550463,2550209,-
2550212,2549961,-
2542353,2541373,-
2541227,2540061,-
2539812,2538406,-
2538278,2537930,-
2537925,2536731,-
2537779,2536763,-
2536730,2536285,-
2536283,2535165,-
2535180,2534590,-
2534609,2533617,-
2533614,2532448,-
2532448,2531345,-
2531337,2530090,-
2530093,2529536,-
2529536,2528655,-
2528597,2527698,-
2527698,2526613,-
2526240,2525347,-
2525172,2523778,-
2523767,2522547,-
2522550,2521270,-
2520994,2519516,-
2519514,2518120,-
2518065,2516695,-
2516590,2515154,-
2515151,2513928,-
2513931,2513452,-
2513449,2512484,-
2512481,2511360,-
2511334,2510786,-
2510770,2510024,-
2510013,2508796,-
2508821,2507604,-
2507607,2507119,-
2507116,2506277,-
2506184,2504022,-
2504019,2503576,-
2503570,2502431,-
2499915,2498062,-
2498040,2497459,-
2497367,2496726,-
2492982,2492134,-
2490635,2488689,-
2487963,2487202,-
2487205,2486546,-
2486325,2486266,-
2485993,2485937,-
2472476,2471848,-
2472372,2472154,-
2472072,2471860,-
2471685,2471368,-
2469981,2469507,-
2468245,2467947,-
2467841,2466801,-
2466753,2466312,-
2466753,2465396,-
2466309,2465396,-
2465392,2465108,-
2465077,2464625,-
2464615,2463353,-
2463324,2462470,-
2462162,2461110,-
2457639,2456893,-
2456841,2456023,-
2455958,2455158,-
2455161,2454373,-
2454150,2453878,-
2452294,2451260,-
2451244,2448764,-
2448748,2448029,-
2447994,2447452,-
2447159,2446878,-
2446615,2445506,-
2427948,2427478,-
2427431,2426712,-
2426715,2425030,-
2423929,2423198,-
2423193,2422267,-
2422274,2421117,-
2421110,2420193,-
2419982,2417685,-
2415736,2414804,-
2414630,2414043,-
2413165,2412404,-
2412351,2411065,-
2412351,2410916,-
2411065,2410916,-
2410236,2409289,-
2402931,2401921,-
2401905,2400385,-
2400324,2399326,-
2399046,2398006,-
2397864,2396707,-
2396690,2396022,-
2394896,2392905,-
2392611,2391142,-
2390937,2390056,-
2386779,2385529,-
2385429,2384488,-
2383589,2382339,-
2382245,2381307,-
2381319,2380378,-
2379955,2378264,-
2378247,2377309,-
2377309,2376179,-
2374633,2374379,-
2361781,2361437,-
2361104,2359914,-
2359886,2359191,-
2356734,2355727,-
2353284,2350760,-
2350755,2349561,-
2350609,2349593,-
2349560,2349494,-
2348316,2347264,-
2347267,2346710,-
2346713,2344770,-
2344773,2344294,-
2344297,2344088,-
2344091,2343354,-
2343312,2342650,-
2342653,2342030,-
2342017,2341415,-
2341405,2340956,-
2340959,2340096,-
2340109,2339414,-
2339407,2336921,-
2336924,2336661,-
2336671,2336177,-
2334566,2332920,-
2332702,2331059,-
2330983,2330333,-
2330333,2329269,-
2329195,2328140,-
2328028,2326925,-
2322647,2319798,-
2312307,2311531,-
2311526,2309877,-
2309876,2305272,-
2305338,2304715,-
2304718,2303030,-
2302881,2300254,-
2299257,2295505,-
2290852,2290202,-
2289739,2288663,-
2288658,2287300,-
2281632,2280829,-
2280811,2279522,-
2279465,2278260,-
2278245,2277463,-
2277243,2276041,-
2275941,2275399,-
2274656,2274054,-
2266402,2266136,-
2266026,2264671,-
2264674,2263712,-
2263712,2262855,-
2262840,2262082,-
2262085,2260415,-
2260326,2259031,-
2258952,2258647,-
2258592,2258131,-
2255679,2253952,-
2251964,2251248,-
2249626,2248169,-
2248162,2246633,-
2246469,2244628,-
2244631,2244329,-
2244332,2243778,-
2243766,2243224,-
2243209,2242232,-
2242235,2239509,-
2239456,2238119,-
2238122,2237622,-
2237619,2235829,-
2235723,2235061,-
2235045,2234602,-
2233971,2233033,-
2230154,2228322,-
2228235,2227585,-
2227574,2227080,-
2226997,2226542,-
2221040,2220498,-
2220440,2219886,-
2219833,2219189,-
2217025,2216135,-
2215938,2215165,-
2215157,2214441,-
2214444,2213758,-
2213668,2212886,-
2212665,2211883,-
2211617,2211048,-
2210953,2209436,-
2209399,2208911,-
2208652,2207990,-
2208000,2206732,-
2206662,2205748,-
2205592,2204933,-
2204850,2204038,-
2204038,2203025,-
2202959,2201823,-
2200732,2199554,-
2199289,2198069,-
2195783,2195505,-
2195471,2194923,-
2194923,2194114,-
2194114,2193290,-
2193286,2192201,-
2192166,2191234,-
2190446,2189625,-
2189623,2189084,-
2189087,2188599,-
2188602,2188090,-
2188090,2187338,-
2187318,2184673,-
2184591,2184028,-
2183347,2182862,-
2182659,2180515,-
2180515,2179205,-
2179024,2178740,-
2175422,2174667,-
2168597,2168157,-
2168130,2167552,-
2167556,2167287,-
2167287,2166793,-
2166796,2166089,-
2162980,2162045,-
2159036,2157498,-
2157498,2156335,-
2151651,2150506,-
2150432,2149488,-
2149418,2147724,-
2147670,2146420,-
2145907,2145272,-
2144624,2144382,-
2142617,2141379,-
2137684,2135189,-
2135164,2134127,-
2134127,2133042,-
2133027,2131780,-
2131758,2131432,-
2131213,2130248,-
2128206,2126968,-
2124031,2121842,-
2121633,2121558,-
2121518,2121443,-
2120417,2119002,-
2118081,2117197,-
2116945,2115689,-
2115629,2114796,-
2113744,2112818,-
2111733,2111515,-
2111513,2109498,-
2109427,2108441,-
2103288,2102437,-
2101002,2100091,-
2099957,2098860,-
2098870,2097995,-
2097995,2097162,-
2097162,2096146,-
2095842,2095051,-
2094922,2094065,-
2090028,2089129,-
2089033,2088458,-
2088397,2087948,-
2087961,2087536,-
2085544,2084492,-
2084446,2083946,-
2083933,2083274,-
2083264,2082377,-
2082356,2080995,-
2074193,2072790,-
2072793,2071567,-
2071350,2070163,-
2070173,2069337,-
2069326,2067923,-
2067911,2067624,-
2067517,2067224,-
2067185,2066169,-
2066172,2065369,-
2065372,2064671,-
2064696,2064217,-
2064204,2063869,-
2063576,2061297,-
2057940,2056897,-
2056771,2056196,-
2056128,2054149,-
2048867,2048808,-
2046602,2045904,-
2045830,2043815,-
2043800,2042937,-
2042769,2042056,-
2041843,2040809,-
2040792,2039914,-
2024854,2023793,-
2021599,2020898,-
2020803,2019514,-
2019428,2018802,-
2012979,2010736,-
2008716,2007139,-
2007070,2005604,-
2004075,2003860,-
2003790,2002318,-
2002200,2001022,-
2001011,2000391,-
2000373,1999099,-
1998988,1997870,-
1997843,1996830,-
1996545,1995391,-
1995241,1994810,-
1994661,1992349,-
1992348,1987387,-
1985517,1984741,-
1984599,1983316,-
1983138,1982938,-
1982926,1982591,-
1982589,1980739,-
1980722,1980207,-
1980111,1979788,-
1979771,1979385,-
1979357,1978143,-
1978031,1977543,-
1977091,1976351,-
1972967,1971828,-
1971668,1971603,-
1971668,1970778,-
1965858,1964986,-
1964974,1963913,-
1963847,1962849,-
1962824,1961313,-
1961290,1960307,-
1960210,1956929,-
1955420,1954167,-
1952604,1952266,-
1952205,1950871,-
1950881,1950168,-
1950003,1948576,-
1948517,1948334,-
1948018,1944131,-
1942320,1941817,-
1941759,1941124,-
1939557,1939477,-
1939056,1938676,-
1938676,1937945,-
1937933,1937205,-
1937193,1936288,-
1936291,1935611,-
1935339,1934365,-
1934349,1932550,-
1932352,1931873,-
1931876,1930920,-
1930920,1930270,-
1930237,1929662,-
1927647,1926910,-
1925235,1924354,-
1923608,1923225,-
1922183,1921146,-
1915226,1913928,-
1913605,1913486,-
1913393,1910490,-
1910305,1910230,-
1910058,1908517,-
1908074,1905501,-
1905521,1905379,-
1905371,1904640,-
1904643,1903663,-
1900726,1899605,-
1899594,1898524,-
1895491,1895144,-
1895102,1894335,-
1894304,1893756,-
1893737,1893489,-
1893240,1891879,-
1889559,1888966,-
1885666,1885376,-
1885386,1884910,-
1882030,1881074,-
1878323,1876134,-
1876137,1874521,-
1874161,1873898,-
1867672,1867520,-
1867507,1866608,-
1867507,1866492,-
1866608,1866492,-
1861528,1856948,-
1856609,1856370,-
1856036,1854663,-
1853912,1853837,-
1843337,1842888,-
1842804,1842646,-
1841583,1841179,-
1840024,1839680,-
1825456,1824941,-
1824791,1823235,-
1823162,1822734,-
1822737,1822171,-
1821890,1821814,-
1821615,1821539,-
1821476,1821400,-
1821201,1821125,-
1821121,1821029,-
1820713,1820528,-
1820293,1817663,-
1817535,1817035,-
1816966,1815905,-
1815825,1815328,-
1815183,1814098,-
1808899,1807385,-
1804501,1802249,-
1802096,1801569,-
1801420,1800410,-
1797101,1796631,-
1796638,1796228,-
1796231,1795464,-
1795464,1794922,-
1794912,1793203,-
1793185,1792262,-
1792259,1790433,-
1790436,1789825,-
1789700,1789239,-
1783221,1782868,-
1779207,1778440,-
1773115,1772123,-
1772060,1770921,-
1770781,1770155,-
1770161,1769400,-
1769419,1768370,-
1768373,1767894,-
1767894,1767184,-
1767165,1766854,-
1766660,1766337,-
1766287,1765682,-
1765682,1764255,-
1764253,1763345,-
1761105,1760821,-
1760819,1759902,-
1759886,1759287,-
1759300,1758626,-
1758623,1757532,-
1757519,1757037,-
1757044,1755536,-
1755121,1752455,-
1752096,1751362,-
1751287,1749575,-
1749575,1747776,-
1744755,1743895,-
1743898,1743119,-
1743141,1741804,-
1741710,1740256,-
1740186,1739401,-
1734927,1734256,-
1733031,1731733,-
1731645,1730008,-
1729780,1728989,-
1728918,1728583,-
1728583,1728335,-
1728257,1726023,-
1725975,1724674,-
1721629,1720289,-
1720268,1718928,-
1718926,1717574,-
1717139,1716690,-
1716672,1715890,-
1715890,1715561,-
1715518,1715150,-
1714939,1714394,-
1707809,1706661,-
1706633,1705986,-
1699531,1698431,-
1698438,1698043,-
1698024,1697107,-
1696756,1696529,-
1694638,1693832,-
1693593,1692496,-
1691917,1690664,-
1689039,1687213,-
1687213,1683671,-
1683678,1680790,-
1680614,1677246,-
1677233,1676910,-
1676925,1676518,-
1676521,1675958,-
1675967,1675497,-
1675313,1674519,-
1674512,1673637,-
1673486,1671240,-
1671227,1670697,-
1667005,1665812,-
1665819,1663660,-
1663572,1663485,-
1663370,1663289,-
1662037,1660775,-
1659731,1659039,-
1658910,1657492,-
1657177,1656416,-
1656386,1655550,-
1655263,1654082,-
1649855,1649775,-
1649739,1649314,-
1645214,1644582,-
1644360,1643914,-
1644360,1643654,-
1643914,1643654,-
1643712,1643314,-
1643313,1641983,-
1643302,1642397,-
1642439,1642074,-
1641982,1640846,-
1640690,1640617,-
1640538,1639783,-
1635666,1633888,-
1627060,1625435,-
1625387,1624617,-
1611150,1610662,-
1610662,1608743,-
1606017,1604500,-
1604490,1603468,-
1604490,1603392,-
1603466,1603392,-
1603301,1601568,-
1601562,1600852,-
1600827,1599931,-
1599258,1598851,-
1598870,1598604,-
1597185,1596526,-
1596362,1596051,-
1594516,1593773,-
1593506,1590633,-
1590514,1590125,-
1590101,1589007,-
1588559,1587357,-
1587334,1586156,-
1586159,1584834,-
1584808,1584230,-
1582784,1582725,-
1582496,1581264,-
1581008,1580349,-
1580293,1579973,-
1573397,1572501,-
1572334,1571594,-
1571501,1570866,-
1570727,1569867,-
1569509,1568430,-
1568215,1567052,-
1567002,1565983,-
1565698,1564985,-
1564988,1564479,-
1564457,1563492,-
1563495,1562218,-
1562203,1560815,-
1560787,1560344,-
1560030,1558039,-
1556797,1555877,-
1555739,1553763,-
1553754,1553623,-
1545574,1544594,-
1541116,1540109,-
1539992,1538946,-
1538770,1538051,-
1537867,1537541,-
1537541,1536822,-
1532654,1530519,-
1529084,1528548,-
1528546,1527584,-
1527581,1526733,-
1526607,1526197,-
1526131,1525322,-
1525124,1520562,-
1520077,1518395,-
1518040,1515869,-
1515847,1515443,-
1515438,1514215,-
1514204,1513152,-
1513152,1511653,-
1510631,1509531,-
1508333,1507266,-
1507220,1506462,-
1506430,1505717,-
1504802,1503303,-
1503011,1501152,-
1499958,1499710,-
1499697,1499356,-
1499363,1498875,-
1498882,1498388,-
1498388,1496685,-
1496688,1495510,-
1495520,1494534,-
1494531,1493413,-
1493224,1492937,-
1492818,1492402,-
1492818,1491983,-
1492402,1491983,-
1490697,1490203,-
1488856,1488431,-
1488424,1487690,-
1485412,1484456,-
1480747,1478528,-
1478417,1477005,-
1476930,1476193,-
1475959,1473701,-
1473563,1471956,-
1471823,1471428,-
1471426,1471130,-
1470925,1470443,-
1470390,1469998,-
1467795,1467463,-
1466170,1464278,-
1464249,1463668,-
1463668,1462841,-
1462816,1462394,-
1462393,1461764,-
1458055,1457267,-
1455861,1455208,-
1447935,1447735,-
1444951,1444809,-
1444575,1444434,-
1444354,1442921,-
1442873,1440033,-
1440010,1438709,-
1436364,1435543,-
1435453,1435085,-
1434350,1433418,-
1430144,1429131,-
1424707,1424201,-
1423947,1423183,-
1422118,1420598,-
1418759,1418427,-
1405946,1405530,-
1405533,1405219,-
1404935,1403799,-
1398481,1397930,-
1397847,1396360,-
1396345,1394933,-
1386356,1385460,-
1384333,1383023,-
1382995,1381664,-
1381389,1380025,-
1379953,1379564,-
1379550,1377256,-
1377222,1376014,-
1375988,1374657,-
1374635,1373646,-
1373547,1372609,-
1369458,1369082,-
1369049,1367904,-
1367807,1366923,-
1366887,1366117,-
1366101,1364767,-
1361818,1361009,-
1347199,1346339,-
1342576,1341536,-
1341463,1340828,-
1340202,1339759,-
1339419,1338916,-
1338922,1338398,-
1335101,1333857,-
1333703,1331814,-
1331821,1331741,-
1331634,1330750,-
1330641,1328506,-
1328259,1327990,-
1327841,1326897,-
1326897,1326496,-
1326332,1323660,-
1323635,1322148,-
1322120,1321668,-
1321461,1321385,-
1319686,1318061,-
1317602,1317516,-
1317501,1317169,-
1316941,1315604,-
1315611,1314763,-
1314673,1312739,-
1312639,1312010,-
1311435,1310959,-
1309092,1307920,-
1307904,1306939,-
1306812,1306555,-
1306534,1306223,-
1304439,1303180,-
1303125,1302871,-
1302711,1302418,-
1302418,1301783,-
1301764,1301213,-
1301208,1300426,-
1300418,1299609,-
1290593,1289865,-
1289868,1289215,-
1288985,1286649,-
1286553,1285624,-
1274118,1272924,-
1273972,1272956,-
1270660,1270196,-
1270199,1269324,-
1269327,1268638,-
1268590,1267100,-
1266991,1266098,-
1265976,1265185,-
1263395,1262898,-
1262892,1262254,-
1261859,1261467,-
1261451,1261023,-
1260804,1259677,-
1256344,1255406,-
1253817,1253545,-
1253453,1251486,-
1251480,1250548,-
1250540,1250337,-
1249091,1247646,-
1247216,1243416,-
1243348,1241879,-
1241889,1241296,-
1241287,1240799,-
1240799,1239696,-
1239630,1238587,-
1238282,1236342,-
1226871,1226209,-
1216251,1216132,-
1216094,1216019,-
1216006,1215887,-
1215794,1212891,-
1212716,1212641,-
1212598,1212522,-
1212453,1210912,-
1209908,1209651,-
1209654,1208836,-
1208831,1208259,-
1208254,1207712,-
1207683,1207210,-
1207238,1206114,-
1201243,1201025,-
1200969,1200544,-
1200533,1200165,-
1200058,1199675,-
1199634,1198645,-
1198619,1197999,-
1197965,1197576,-
1197559,1197203,-
1197056,1196940,-
1196908,1195577,-
1195569,1195135,-
1195131,1194952,-
1194948,1194445,-
1194430,1194077,-
1194067,1193534,-
1193521,1193129,-
1193095,1192790,-
1192775,1192236,-
1192221,1191907,-
1191896,1191525,-
1191360,1191106,-
1191106,1190915,-
1190915,1190505,-
1190492,1189791,-
1189773,1189441,-
1189426,1189148,-
1189131,1188310,-
1188292,1187990,-
1187993,1187388,-
1187377,1186748,-
1186715,1186404,-
1186166,1185747,-
1185745,1184276,-
1173425,1172949,-
1172877,1172683,-
1172514,1169821,-
1169529,1168345,-
1168274,1166160,-
1166132,1165593,-
1165496,1165122,-
1164996,1164709,-
1164701,1164342,-
1164342,1163956,-
1163956,1163234,-
1163067,1162255,-
1161767,1161177,-
1161082,1160882,-
1160872,1159067,-
1159067,1158513,-
1154260,1153856,-
1150714,1149494,-
1149408,1148845,-
1148813,1148211,-
1148221,1148054,-
1147949,1147377,-
1134739,1133654,-
1133642,1132338,-
1132326,1131973,-
1131962,1131084,-
1131087,1129861,-
1129861,1128698,-
1128614,1128252,-
1128235,1127330,-
1127040,1126036,-
1126043,1125285,-
1125292,1124615,-
1124597,1123761,-
1123654,1122368,-
1122276,1121188,-
1121131,1120610,-
1120209,1118971,-
1119059,1118655,-
1118665,1118225,-
1118241,1117702,-
1117702,1116923,-
1114085,1113525,-
1108959,1107235,-
1105158,1103806,-
1103809,1103090,-
1095600,1094830,-
1091688,1089604,-
1089594,1087201,-
1083841,1082825,-
1082821,1081595,-
1079826,1079221,-
1079826,1079069,-
1079218,1079069,-
1079052,1078222,-
1078177,1077851,-
1075887,1075669,-
1075540,1073093,-
1073074,1071641,-
1071641,1070346,-
1070328,1068355,-
1068358,1066172,-
1065899,1064796,-
1063953,1062613,-
1062609,1062082,-
1061943,1060948,-
1060724,1060029,-
1059906,1058869,-
1058747,1058658,-
1054593,1052851,-
1052304,1051561,-
1051564,1050494,-
1050492,1049647,-
1049650,1048763,-
1048665,1047349,-
1046950,1046237,-
1046235,1045468,-
1045471,1044194,-
1044197,1043271,-
1043223,1042114,-
1041119,1040016,-
1039745,1038891,-
1038646,1037588,-
1037595,1036927,-
1036924,1035431,-
1034423,1034064,-
1030923,1030678,-
1029158,1027941,-
1013995,1012871,-
1012871,1010136,-
1010139,1009072,-
1008706,1007084,-
1006822,1006409,-
1006822,1005216,-
1006409,1005216,-
1003466,1002264,-
1000289,999954,-
997294,996542,-
996534,994492,-
991969,991886,-
987638,986444,-
987492,986476,-
984419,983772,-
983708,983382,-
983266,982934,-
981688,981620,-
975784,975056,-
974688,973864,-
973494,972094,-
971883,970486,-
968382,967780,-
963384,961324,-
961254,960487,-
959230,957734,-
957513,956227,-
956044,954056,-
953974,950501,-
950519,949413,-
949406,947067,-
947056,944438,-
944441,943689,-
943677,943489,-
939694,939587,-
937810,936806,-
936809,935826,-
935815,934913,-
934903,933884,-
933576,931969,-
931058,930982,-
930890,929199,-
928875,927667,-
927438,926740,-
925613,923280,-
921340,920630,-
919226,919074,-
919226,919042,-
917346,915277,-
915267,914356,-
914261,913962,-
912750,912313,-
912267,911926,-
911757,910303,-
910231,908909,-
903321,902497,-
898565,898092,-
897990,897142,-
888861,888760,-
888546,887806,-
886711,885575,-
885569,885246,-
884701,883163,-
882998,881847,-
881657,879813,-
879816,878425,-
878327,877719,-
869431,868295,-
868292,867930,-
863503,863294,-
857933,857112,-
857032,856013,-
856013,855546,-
855483,855232,-
855090,854659,-
850627,849593,-
849354,848329,-
848319,847123,-
846848,845991,-
841435,840362,-
840329,839478,-
839407,838709,-
838691,837675,-
837635,836616,-
836616,835537,-
835493,834558,-
834521,833724,-
833731,832607,-
832610,831576,-
829331,828522,-
828424,828257,-
828236,828000,-
827783,827115,-
824547,823906,-
823840,823793,-
823840,823125,-
823793,823125,-
820186,818504,-
812214,811009,-
807455,805137,-
805127,803745,-
800499,799681,-
799125,797935,-
797724,797272,-
797219,795885,-
793898,792507,-
792369,791050,-
791040,789538,-
789538,788948,-
788872,788582,-
788578,786890,-
786784,786686,-
786556,786417,-
784560,784063,-
784066,783704,-
783714,783367,-
782763,781270,-
781273,779558,-
778501,777687,-
777687,776071,-
775062,773401,-
773205,772777,-
772665,772252,-
771612,770365,-
769236,767944,-
767824,766676,-
766679,766062,-
766078,765200,-
765203,764514,-
763534,762722,-
762607,762209,-
761969,759555,-
759526,758453,-
758453,757353,-
757348,755945,-
744402,743065,-
741003,740281,-
740266,739097,-
739070,737454,-
737385,735973,-
735954,734077,-
733943,733107,-
732821,732096,-
732081,731308,-
731125,730235,-
730235,729276,-
729189,728149,-
727835,726006,-
725844,724474,-
724121,723702,-
723681,722299,-
722272,721409,-
721358,719817,-
719804,719271,-
719256,718786,-
718724,718485,-
718438,717623,-
717614,717234,-
716617,715994,-
715930,714041,-
713662,713219,-
713129,712671,-
711522,710071,-
710077,708581,-
700489,699062,-
699039,698347,-
692546,691707,-
691225,689705,-
682747,681854,-
680142,679861,-
679662,679420,-
679662,679214,-
679420,679214,-
676929,675445,-
675309,674044,-
655322,653667,-
652988,651792,-
651789,650608,-
650586,649846,-
649849,648908,-
645935,645615,-
639382,638618,-
637255,636875,-
636861,636481,-
636386,635496,-
635444,634977,-
631235,630615,-
627811,626858,-
624320,623505,-
615341,614853,-
612065,610902,-
610892,608703,-
598768,598241,-
598259,597675,-
594004,593072,-
589541,588909,-
586027,585917,-
585805,584396,-
584384,583335,-
583049,581640,-
576071,575379,-
575311,573908,-
573865,572480,-
572434,570398,-
570199,569273,-
569159,567918,-
567901,567023,-
566999,566103,-
559375,558446,-
558449,557814,-
557817,556915,-
556902,553852,-
551567,549819,-
549819,548749,-
548759,547308,-
547297,546851,-
546550,546236,-
546226,545402,-
544951,543692,-
543695,542226,-
540183,539149,-
536072,534699,-
534702,534004,-
528934,528167,-
528059,527460,-
525948,525202,-
525105,524095,-
523960,522452,-
522429,521584,-
520829,520344,-
520251,519325,-
519258,517927,-
517917,517387,-
517294,516335,-
516243,515218,-
515062,512864,-
512388,511780,-
511596,511279,-
502634,502017,-
501742,500639,-
500628,499966,-
499954,497453,-
492208,491357,-
491142,489409,-
489227,486576,-
485978,484827,-
481389,481280,-
480284,478884,-
477504,476404,-
465598,464648,-
449347,449187,-
448939,447806,-
447809,447039,-
447037,446837,-
446853,446098,-
446105,445470,-
445470,443575,-
443342,442866,-
438411,437986,-
435032,433743,-
433731,432142,-
425994,425551,-
419373,417187,-
416870,416046,-
410221,409532,-
408315,408043,-
407790,406441,-
399897,399619,-
398895,397420,-
397048,396158,-
396143,394599,-
394445,393255,-
385631,383208,-
380186,379671,-
376426,375443,-
370865,370662,-
368625,365803,-
364914,364633,-
362614,362291,-
361747,361608,-
357891,356599,-
356421,354772,-
354775,354461,-
354261,352303,-
343238,342549,-
342455,340308,-
340110,338644,-
338647,336596,-
336596,335565,-
335546,335271,-
335062,333077,-
332804,331875,-
331891,331196,-
331185,330205,-
330226,328694,-
328567,327632,-
327573,326683,-
325330,324572,-
324570,324136,-
324149,323592,-
323592,322456,-
322459,321779,-
321668,320910,-
320913,320068,-
320075,319011,-
319011,318427,-
318430,317978,-
317977,317252,-
317231,316860,-
317231,316444,-
316869,316444,-
316338,315322,-
315297,314509,-
314376,313933,-
313275,312940,-
307493,306402,-
306392,305724,-
305727,304084,-
303980,302643,-
302506,301745,-
301420,299153,-
298954,298046,-
294745,294116,-
293994,292348,-
292270,290930,-
290359,289640,-
289643,288012,-
286474,284957,-
284720,283263,-
283204,281057,-
280977,279643,-
279278,277740,-
277483,277403,-
277483,277321,-
277404,277321,-
277123,277048,-
276941,276366,-
276329,274632,-
274656,274318,-
274202,272901,-
272783,271347,-
270518,269262,-
266309,265440,-
265045,264017,-
262485,261952,-
261863,260730,-
260667,260308,-
260297,259902,-
259891,259157,-
259164,257356,-
253627,250304,-
250282,249314,-
249217,248165,-
246746,245607,-
223657,223382,-
223233,222904,-
221976,221221,-
221113,220049,-
215158,214883,-
213046,212252,-
211595,210957,-
208353,207691,-
207583,206618,-
206510,205650,-
205052,203109,-
200966,200412,-
199802,198459,-
198136,197498,-
190552,190022,-
185063,184065,-
182360,181809,-
179774,179310,-
179152,177014,-
176620,174965,-
174915,173494,-
173375,172428,-
169147,168761,-
168688,168227,-
168214,167279,-
167275,167141,-
166860,166465,-
166334,165621,-
162367,161363,-
160640,160137,-
158692,155837,-
155837,155394,-
155234,153723,-
151113,149611,-
149533,148535,-
148468,147149,-
147087,146323,-
146299,145268,-
144484,143465,-
140081,139140,-
140081,138883,-
139140,138883,-
137584,136159,-
137571,136243,-
133048,132818,-
132215,130995,-
132208,131057,-
130998,130732,-
130994,130668,-
128984,128217,-
128216,127260,-
127263,126265,-
126268,125366,-
125321,122997,-
122910,121957,-
121960,121439,-
120336,119350,-
119003,117654,-
117547,115580,-
115569,114664,-
114659,113871,-
113568,112786,-
112769,112137,-
112125,111694,-
111563,110757,-
110744,109431,-
109419,109141,-
109144,108023,-
107624,107364,-
107237,106491,-
106435,105890,-
105878,105621,-
105244,104999,-
103060,102080,-
102015,100909,-
100889,100173,-
89721,88378,-
84184,83354,-
82296,81385,-
81320,80148,-
80135,79674,-
79677,78994,-
78177,76999,-
76931,76071,-
75752,74985,-
74975,73824,-
73708,72428,-
72387,71155,-
69512,68100,-
62762,61716,-
61716,60337,-
60175,59834,-
59606,58212,-
58215,56626,-
56425,52913,-
51765,50809,-
50798,50595,-
50545,48395,-
46313,44952,-
44737,43823,-
42524,40233,-
39979,39485,-
39436,38699,-
38696,38157,-
38050,37577,-
37586,36816,-
34799,34011,-
33595,33509,-
33474,33388,-
33359,33273,-
33005,31974,-
24994,24131,-
24159,22609,-
16573,15557,-
15529,14885,-
10819,9152,-
6441,5929,-
5233,4364,-
84,0,-
-1000,-1000,-
-3000,-3000,-
-5000,-5000,-
