190,255,+
337,2799,+
2801,3733,+
3734,5020,+
5234,5530,+
8238,9191,+
9306,9893,+
12163,14079,+
14168,15298,+
15445,16557,+
17489,18655,+
18715,19620,+
21181,21399,+
21407,22348,+
22391,25207,+
25207,25701,+
25826,26275,+
26277,27227,+
27293,28207,+
28374,29195,+
29651,30799,+
30817,34038,+
34300,34695,+
42403,43173,+
43188,44129,+
44180,45466,+
45463,45750,+
45807,47138,+
47246,47776,+
47769,49631,+
49823,50302,+
57364,58179,+
58474,59052,+
59052,59228,+
59228,59269,+
70387,71265,+
71351,72115,+
77388,77519,+
77621,78799,+
84368,85312,+
85630,87354,+
87357,87848,+
88028,89032,+
89634,90092,+
90094,91035,+
91032,91397,+
91413,93179,+
93166,94653,+
94650,96008,+
96002,97084,+
97087,98403,+
98403,99647,+
99644,100711,+
100765,102240,+
102233,103153,+
103155,103985,+
103982,105244,+
105305,106456,+
106557,107474,+
107705,108217,+
108279,110984,+
111044,111433,+
113444,114487,+
118733,119284,+
119281,120135,+
122092,122856,+
123017,125680,+
125695,127587,+
127912,129336,+
131615,134212,+
134388,134750,+
137083,138633,+
141431,141967,+
142779,143705,+
143702,144472,+
144577,145017,+
145081,146310,+
146968,147870,+
162105,164534,+
164730,167264,+
167484,169727,+
169778,170575,+
170575,171465,+
171462,173444,+
175107,176528,+
176610,176954,+
179237,180754,+
180884,182308,+
182463,183620,+
189874,190599,+
190857,191708,+
191855,192580,+
192872,193429,+
193521,194717,+
194903,195664,+
195677,196534,+
196546,197898,+
197928,200360,+
200482,200967,+
200971,201996,+
202101,202556,+
202560,203348,+
203348,204496,+
204493,205089,+
205126,208608,+
208621,209580,+
209679,211820,+
211877,212266,+
212331,213629,+
214291,214836,+
214833,215255,+
215269,215979,+
222833,223408,+
229167,229970,+
231122,231922,+
231926,232549,+
234816,235538,+
236067,236798,+
237335,238120,+
239106,239378,+
240343,240816,+
243543,244121,+
244327,245094,+
246712,247461,+
247637,248134,+
250072,250827,+
250898,251953,+
252005,252298,+
252301,252699,+
252709,253161,+
253479,253685,+
253702,254202,+
255977,256435,+
256527,257771,+
257829,258230,+
259612,260715,+
260727,261980,+
269502,269759,+
270988,271413,+
269827,270978,+
272071,273178,+
274549,275952,+
275939,276871,+
281481,282410,+
282425,284392,+
284619,286001,+
286013,287623,+
289653,289857,+
290628,291455,+
302215,302829,+
311336,311563,+
313581,314452,+
314515,314814,+
314811,315677,+
316663,316791,+
319451,320305,+
320832,321551,+
321562,322989,+
322982,323677,+
328687,330720,+
331595,332683,+
334504,335109,+
335149,336012,+
336002,337549,+
337549,338967,+
339389,340339,+
340349,341731,+
342108,343157,+
343400,344215,+
344628,344873,+
345708,345983,+
347906,348796,+
349236,350405,+
350439,351890,+
351930,353816,+
354146,355405,+
355395,356678,+
358023,358682,+
358713,359183,+
359216,360370,+
367835,369499,+
369501,370445,+
370448,371329,+
371339,372148,+
372145,373095,+
373092,374105,+
374683,375894,+
375996,376535,+
381815,382096,+
380575,380940,+
380898,381803,+
384456,385418,+
385431,386198,+
386195,387022,+
387019,387870,+
389475,390932,+
392191,393642,+
393730,394353,+
395863,397083,+
397096,398190,+
398817,399029,+
400610,400870,+
400971,402386,+
402505,402825,+
402927,404042,+
404988,405446,+
405629,406153,+
406203,406394,+
406652,407329,+
407401,407685,+
407893,408174,+
409368,410276,+
416366,417055,+
417113,418408,+
418815,420134,+
420210,421583,+
421739,423556,+
424235,425305,+
425361,426488,+
426511,426843,+
426871,428718,+
428729,429700,+
429829,430176,+
432226,432675,+
432679,433782,+
433871,434341,+
434361,434780,+
434858,435835,+
435813,436331,+
440773,442221,+
443907,444398,+
453696,454013,+
454357,455655,+
455901,456524,+
456650,457924,+
458112,460466,+
460675,460947,+
461139,463010,+
463161,463532,+
463626,464024,+
466636,467454,+
467607,468065,+
468095,469867,+
469860,471641,+
471822,472160,+
472190,473476,+
474603,475175,+
475896,476249,+
484985,485632,+
485760,489122,+
490106,490483,+
490636,491187,+
491316,493247,+
493300,493629,+
493629,494234,+
494344,496218,+
496399,497043,+
497279,498241,+
499349,500653,+
504138,505790,+
507442,507783,+
510865,511797,+
511800,513092,+
513217,513624,+
515143,515820,+
515807,516586,+
518957,519643,+
519640,522054,+
522485,526765,+
526805,527173,+
527176,527883,+
527864,528354,+
528724,528816,+
528884,529240,+
531675,532157,+
532235,533050,+
533140,534921,+
534934,535710,+
535810,536688,+
536857,538311,+
538371,539732,+
539789,541090,+
541112,542257,+
545904,547571,+
547581,547832,+
547832,548839,+
548850,549665,+
549662,550555,+
553834,555219,+
557435,557977,+
558197,558889,+
558920,561523,+
561559,562542,+
562553,563068,+
565599,565910,+
565907,565999,+
567258,567470,+
566065,566364,+
566361,567227,+
567538,567870,+
568125,569651,+
570116,570667,+
570677,571474,+
571591,571692,+
571689,572144,+
572144,572314,+
572307,572597,+
572594,572956,+
572953,573093,+
573179,573562,+
575009,576048,+
576621,576836,+
576836,577333,+
577330,577791,+
577550,577732,+
579103,579309,+
580057,580602,+
580577,580885,+
580883,581320,+
582176,582358,+
582904,583653,+
594823,596196,+
596354,596686,+
596702,597925,+
597937,601080,+
601182,602558,+
607059,607211,+
607288,608400,+
612038,613162,+
613165,613383,+
613380,617261,+
617477,618610,+
621523,622773,+
624108,625283,+
625293,626903,+
626917,627774,+
627774,628520,+
628523,628936,+
629117,631222,+
631405,631602,+
632809,633969,+
638168,638731,+
638976,640541,+
641311,642549,+
651458,653116,+
653085,653765,+
655780,656340,+
656515,656724,+
657254,657448,+
657448,658041,+
658170,658373,+
674241,674723,+
675934,676641,+
676638,678065,+
678731,679438,+
679435,680886,+
694324,695499,+
703167,705113,+
705316,706980,+
707557,708963,+
709013,709339,+
712210,712755,+
712781,714421,+
714635,715129,+
719806,720063,+
728357,728563,+
728806,732999,+
732999,733325,+
733356,734876,+
734873,735442,+
735668,735907,+
736048,737184,+
737315,738076,+
738224,738733,+
738730,740148,+
742050,742793,+
742816,743472,+
743466,744398,+
744388,745122,+
745158,745949,+
754400,754789,+
754783,755130,+
755130,756896,+
756912,757628,+
757929,760730,+
760745,761962,+
762237,763403,+
763403,764272,+
765207,767183,+
767201,769834,+
770681,772249,+
772265,773404,+
773419,773532,+
773532,773825,+
773975,774379,+
774376,775068,+
775072,775500,+
775565,776830,+
776963,778255,+
778290,778811,+
778821,779612,+
781308,782351,+
782389,783108,+
784856,785908,+
793996,794145,+
794312,795085,+
795085,795774,+
795777,796835,+
797809,798804,+
799982,801034,+
801110,802543,+
802726,804987,+
808567,809607,+
809604,810758,+
810745,811500,+
811493,812170,+
812749,814770,+
816267,817256,+
817278,817790,+
817793,818278,+
818271,818516,+
818518,818970,+
819107,819811,+
820016,820729,+
823853,824263,+
830095,831459,+
832293,834443,+
834471,835433,+
835574,836659,+
841555,842481,+
849673,850188,+
851894,852163,+
852406,852873,+
852870,853988,+
855186,856778,+
862865,863527,+
865791,866756,+
866743,868614,+
868634,870172,+
870190,871110,+
871113,872024,+
872202,874550,+
874558,875886,+
877471,877854,+
877965,879080,+
879950,881152,+
882896,884128,+
886646,887182,+
889312,889689,+
890136,890423,+
890407,891129,+
891190,892092,+
892180,892656,+
893007,894119,+
894214,895347,+
895357,896310,+
896307,897152,+
897212,897700,+
897741,898868,+
903816,904139,+
904136,904966,+
915696,917354,+
918458,919573,+
919570,921516,+
922136,922456,+
922487,924763,+
931818,932312,+
932447,936436,+
936595,937206,+
937217,938560,+
938651,939943,+
940182,942626,+
942637,943254,+
943256,944119,+
945094,946242,+
946452,947882,+
948891,949481,+
955985,956677,+
956876,957964,+
958035,959318,+
959487,960251,+
960424,961107,+
961218,962891,+
963051,963335,+
963543,965807,+
965844,967592,+
967589,968575,+
968612,969844,+
969896,970078,+
970075,970821,+
970975,971868,+
972760,973545,+
973542,974864,+
974845,975549,+
975549,980009,+
980270,982117,+
982298,982846,+
982873,983520,+
989845,992457,+
997091,997630,+
997713,998414,+
998439,1001039,+
1001030,1002100,+
1002112,1002654,+
1002662,1003177,+
1003170,1003880,+
1003991,1005001,+
1005175,1005717,+
1007067,1009175,+
1009187,1011094,+
1011224,1012477,+
1012482,1014122,+
1014119,1014682,+
1014938,1015105,+
1017708,1018160,+
1020361,1020990,+
1023694,1025748,+
1027169,1027582,+
1029287,1029565,+
1031362,1032480,+
1032477,1034270,+
1034289,1034996,+
1034993,1035580,+
1035577,1035975,+
1035972,1036829,+
1036963,1038507,+
1038519,1039655,+
1039668,1039760,+
1039840,1041138,+
1049056,1049331,+
1049250,1049753,+
1050684,1050896,+
1051070,1051300,+
1051290,1051463,+
1055484,1056512,+
1057307,1058479,+
1058479,1061025,+
1061022,1061621,+
1063259,1064515,+
1064808,1066049,+
1067304,1067477,+
1073465,1074103,+
1078528,1080036,+
1080579,1080683,+
1080683,1081408,+
1081466,1082593,+
1082599,1083870,+
1084215,1085279,+
1092099,1093457,+
1094728,1095069,+
1095066,1096052,+
1097109,1098047,+
1098102,1098839,+
1098863,1099417,+
1099519,1100010,+
1103174,1103629,+
1103670,1104125,+
1104184,1104516,+
1104637,1104948,+
1105043,1105576,+
1105578,1106999,+
1108558,1110093,+
1110086,1112629,+
1112802,1113029,+
1116030,1117082,+
1124785,1125369,+
1125380,1126027,+
1126029,1126952,+
1127062,1128597,+
1130241,1130657,+
1130661,1131065,+
1131077,1131772,+
1131797,1133005,+
1133025,1133780,+
1133952,1134734,+
1134787,1135485,+
1135497,1136594,+
1136594,1137535,+
1137601,1139244,+
1139256,1140209,+
1143725,1144045,+
1144163,1145122,+
1146017,1146538,+
1146590,1146763,+
1146844,1147914,+
1147982,1148935,+
1148951,1149880,+
1149893,1150627,+
1150838,1151074,+
1151162,1152403,+
1152523,1153332,+
1153335,1154357,+
1154347,1154988,+
1154985,1155989,+
1156000,1156797,+
1157092,1158525,+
1161108,1161467,+
1161470,1161847,+
1161861,1162502,+
1162483,1163307,+
1163318,1164343,+
1164366,1164908,+
1165308,1166612,+
1166822,1167361,+
1168296,1168553,+
1174650,1175849,+
1175842,1176543,+
1176543,1177787,+
1177816,1178727,+
1178743,1179582,+
1185067,1186293,+
1194346,1195596,+
1197918,1198811,+
1200720,1201061,+
1202247,1202447,+
1202491,1203048,+
1203045,1203383,+
1203393,1203626,+
1203627,1204760,+
1204772,1204954,+
1204954,1205365,+
1205366,1206145,+
1206136,1206720,+
1206724,1207353,+
1207355,1207768,+
1208908,1209462,+
1209569,1210402,+
1210636,1210800,+
1215012,1215248,+
1215291,1215563,+
1215592,1215858,+
1215971,1216219,+
1216551,1218074,+
1218206,1218424,+
1218824,1221471,+
1222487,1222672,+
1222787,1222894,+
1222894,1223130,+
1225823,1226191,+
1226904,1227230,+
1227302,1227961,+
1228038,1228499,+
1229990,1230409,+
1230409,1231677,+
1234161,1234880,+
1236794,1238092,+
1238102,1239172,+
1242403,1243014,+
1243951,1244205,+
1244383,1244823,+
1250289,1252208,+
1258014,1258292,+
1262937,1264193,+
1264235,1265317,+
1265317,1266150,+
1266147,1266539,+
1266543,1267352,+
1267388,1268242,+
1271342,1271572,+
1271730,1272425,+
1273007,1274401,+
1277180,1278571,+
1279087,1282830,+
1282827,1284365,+
1284362,1285072,+
1285072,1285749,+
1288468,1289373,+
1289465,1290478,+
1290680,1291588,+
1292750,1293367,+
1294215,1294364,+
1294363,1294545,+
1297821,1298468,+
1299206,1300837,+
1300923,1301843,+
1301858,1302766,+
1302778,1303791,+
1303788,1304792,+
1306812,1306985,+
1309113,1309832,+
1312044,1312682,+
1321244,1322125,+
1322122,1322742,+
1322770,1324665,+
1324876,1325751,+
1327356,1328405,+
1329072,1331669,+
1331879,1332853,+
1333184,1333312,+
1333315,1333482,+
1333855,1336530,+
1337354,1338118,+
1338267,1338575,+
1338582,1339751,+
1339945,1340682,+
1340682,1341008,+
1344820,1344924,+
1359144,1359908,+
1359935,1360492,+
1360767,1362254,+
1362256,1363536,+
1363574,1364839,+
1366103,1366771,+
1366825,1367049,+
1367049,1367408,+
1367417,1367638,+
1367713,1368027,+
1368240,1369919,+
1369933,1371225,+
1371246,1372127,+
1372114,1372956,+
1372987,1374039,+
1374058,1374846,+
1374856,1375911,+
1375908,1378175,+
1378172,1378831,+
1378845,1379801,+
1379801,1379926,+
1379971,1380876,+
1382141,1383538,+
1383535,1384596,+
1384744,1386285,+
1386954,1387919,+
1390015,1390914,+
1391251,1392864,+
1394100,1395116,+
1395389,1395646,+
1402765,1403673,+
1404003,1404566,+
1406074,1407057,+
1407535,1408908,+
1416695,1417183,+
1418389,1418685,+
1418708,1419130,+
1419143,1420000,+
1420007,1420753,+
1420725,1421224,+
1421225,1421668,+
1421424,1421609,+
1421806,1423263,+
1423401,1423664,+
1423654,1424106,+
1424478,1425410,+
1425413,1425622,+
1426819,1427008,+
1427073,1430435,+
1430435,1431010,+
1439082,1439348,+
1441075,1443714,+
1443711,1443896,+
1443904,1444230,+
1445543,1447042,+
1451951,1452880,+
1452892,1453179,+
1453188,1453934,+
1453949,1454446,+
1454454,1455524,+
1455521,1456288,+
1456288,1457076,+
1457078,1458505,+
1458495,1458917,+
1458917,1460122,+
1460149,1461462,+
1461563,1462513,+
1462495,1463085,+
1463416,1465928,+
1467265,1467317,+
1468541,1472037,+
1467382,1468533,+
1472245,1473105,+
1473168,1475474,+
1475645,1476250,+
1476250,1477146,+
1477162,1478919,+
1478933,1480225,+
1481085,1484987,+
1485259,1486059,+
1486256,1487695,+
1487988,1488737,+
1488926,1489456,+
1489701,1489874,+
1490494,1492134,+
1493312,1494655,+
1494880,1496535,+
1496675,1496899,+
1496962,1497501,+
1498597,1499589,+
1499586,1500179,+
1500481,1501149,+
1501741,1502889,+
1504196,1504732,+
1504805,1506766,+
1507310,1507486,+
1507532,1507948,+
1508027,1509433,+
1509678,1510823,+
1510841,1511854,+
1511855,1512796,+
1512786,1513580,+
1513602,1515026,+
1515413,1515586,+
1515672,1515905,+
1517051,1518088,+
1518286,1518951,+
1521331,1522392,+
1524271,1524888,+
1524964,1525176,+
1525926,1527962,+
1527946,1528428,+
1528610,1529347,+
1529349,1529663,+
1529840,1530976,+
1531076,1531309,+
1532048,1532893,+
1545425,1548472,+
1548485,1549369,+
1549362,1550015,+
1554649,1555080,+
1588450,1588560,+
1599514,1601049,+
1601043,1602071,+
1602071,1603063,+
1603075,1604097,+
1604124,1604999,+
1605023,1605313,+
1605370,1606128,+
1612828,1613709,+
1613787,1614902,+
1615052,1616242,+
1617144,1617578,+
1617598,1617981,+
1618013,1618231,+
1619356,1620543,+
1620670,1620765,+
1622797,1623315,+
1625541,1626287,+
1626376,1627062,+
1627239,1627442,+
1650779,1650862,+
1631063,1631329,+
1631646,1632236,+
1634780,1635013,+
1635071,1635481,+
1639879,1640091,+
1643921,1644226,+
1644429,1644761,+
1645958,1646365,+
1646532,1646687,+
1646689,1646817,+
1646847,1647065,+
1647633,1647821,+
1647818,1648009,+
1648102,1648866,+
1648869,1649561,+
1649575,1650732,+
1653832,1654173,+
1654208,1654768,+
1655589,1655894,+
1656093,1658519,+
1658580,1661003,+
1661014,1661631,+
1661633,1662487,+
1662530,1663144,+
1663339,1664595,+
1667723,1668976,+
1669400,1669708,+
1669801,1669884,+
1669984,1670805,+
1671937,1672971,+
1676451,1677395,+
1677581,1678963,+
1679000,1679722,+
1680183,1680902,+
1680906,1682207,+
1682283,1683212,+
1686600,1687775,+
1687876,1689384,+
1697379,1698971,+
1698981,1700153,+
1700257,1701258,+
1702575,1702700,+
1702973,1703188,+
1703274,1703714,+
1703791,1704372,+
1704372,1704950,+
1704943,1707165,+
1707166,1708224,+
1708228,1708848,+
1708852,1709547,+
1709547,1710182,+
1710793,1712295,+
1712401,1713006,+
1717900,1718367,+
1719049,1719285,+
1719288,1720145,+
1720145,1722157,+
1724047,1724646,+
1724683,1725780,+
1725861,1726268,+
1726371,1727018,+
1727111,1731727,+
1732459,1733274,+
1733402,1733983,+
1735868,1736893,+
1737935,1739146,+
1739437,1740585,+
1741481,1742854,+
1744724,1745029,+
1745155,1746759,+
1753722,1755134,+
1755445,1755681,+
1767098,1768210,+
1768639,1768995,+
1769095,1770309,+
1770536,1771801,+
1771813,1772679,+
1772710,1773468,+
1773611,1775206,+
1775220,1776371,+
1777641,1778405,+
1778425,1779363,+
1779419,1780708,+
1780705,1780998,+
1781055,1782701,+
1785469,1786302,+
1786459,1787505,+
1787637,1787828,+
1801118,1801543,+
1801542,1803017,+
1803189,1803296,+
1804394,1805323,+
1805424,1805714,+
1805820,1806680,+
1807404,1808072,+
1808235,1808825,+
1808958,1810349,+
1811891,1814152,+
1820482,1821309,+
1821539,1822426,+
1830452,1831258,+
1831425,1832135,+
1832140,1832817,+
1832832,1833539,+
1833539,1834087,+
1834097,1835263,+
1835236,1836771,+
1836771,1837424,+
1837491,1838798,+
1839514,1839921,+
1840395,1841738,+
1846861,1848717,+
1848884,1849900,+
1849911,1850552,+
1860795,1861790,+
1861874,1862758,+
1864932,1866866,+
1866979,1868262,+
1868409,1869884,+
1870065,1871555,+
1871598,1872101,+
1872376,1872822,+
1873697,1874878,+
1874933,1875280,+
1875739,1876764,+
1876797,1876895,+
1876898,1876972,+
1879936,1881021,+
1881212,1882657,+
1882689,1883813,+
1883869,1884834,+
1891391,1891735,+
1892157,1892456,+
1892829,1894190,+
1894194,1894772,+
1894956,1896320,+
1896451,1898049,+
1900072,1901043,+
1901106,1901906,+
1901910,1902770,+
1902825,1903283,+
1903712,1904278,+
1906949,1907188,+
1908300,1909673,+
1914282,1915565,+
1915534,1918167,+
1918247,1919686,+
1919804,1920040,+
1920145,1920336,+
1923132,1923362,+
1923464,1924120,+
1924144,1924806,+
1928905,1930083,+
1934676,1935545,+
1935673,1937115,+
1940686,1941441,+
1941438,1942223,+
1944275,1944877,+
1948856,1949422,+
1949419,1950237,+
1950290,1950685,+
1950726,1951469,+
1951466,1952437,+
1958086,1959819,+
1959996,1960484,+
1977777,1978205,+
1984949,1985452,+
1986246,1986569,+
1986740,1987237,+
1987705,1988916,+
1993842,1994066,+
2001896,2003302,+
2003327,2003737,+
2003737,2004102,+
2004180,2005667,+
2006301,2007506,+
2007503,2007736,+
2007845,2008513,+
2008624,2009103,+
2009387,2010064,+
2010064,2010375,+
2010526,2010687,+
2011253,2012911,+
2012904,2013899,+
2013892,2014578,+
2014578,2015951,+
2015970,2016413,+
2016410,2017537,+
2017642,2018106,+
2018111,2019115,+
2019112,2019525,+
2019528,2019893,+
2019893,2020630,+
2020640,2020909,+
2020917,2021702,+
2021992,2022615,+
2023010,2023237,+
2023535,2024350,+
2027563,2028483,+
2032075,2032737,+
2032737,2033267,+
2033859,2034710,+
2036980,2037393,+
2037502,2038506,+
2038507,2039142,+
2039399,2040049,+
2040392,2040922,+
2041675,2042472,+
2042962,2050038,+
2051667,2052983,+
2053085,2054539,+
2054882,2055598,+
2065482,2065916,+
2066659,2066962,+
2068294,2068498,+
2068684,2069235,+
2069563,2072682,+
2072803,2074335,+
2074332,2074778,+
2074841,2075062,+
2075136,2075504,+
2075593,2075967,+
2075964,2076131,+
2076770,2076955,+
2080780,2082207,+
2088020,2088070,+
2088216,2089115,+
2089121,2090425,+
2090422,2091492,+
2091492,2092559,+
2092559,2093149,+
2093149,2093886,+
2093868,2094644,+
2094638,2095249,+
2100968,2101413,+
2135926,2137509,+
2141290,2144607,+
2145698,2147050,+
2149209,2149670,+
2152040,2153287,+
2153287,2156409,+
2156410,2159487,+
2159488,2160903,+
2160900,2162303,+
2162300,2163022,+
2163213,2163545,+
2163692,2165053,+
2166736,2167635,+
2169453,2169751,+
2168260,2168559,+
2168556,2169422,+
2176843,2178120,+
2178117,2179121,+
2179118,2180083,+
2183939,2184763,+
2184982,2185320,+
2192322,2194355,+
2194496,2197342,+
2197344,2198291,+
2198301,2201933,+
2201994,2202311,+
2202618,2203706,+
2203717,2205996,+
2205989,2207125,+
2207122,2209122,+
2209247,2209708,+
2212888,2213619,+
2213679,2213786,+
2220207,2221922,+
2223823,2224401,+
2226631,2226780,+
2227004,2227087,+
2228646,2229044,+
2229041,2229736,+
2229866,2230750,+
2230900,2231619,+
2231622,2231861,+
2232055,2233293,+
2233287,2234522,+
2241932,2242768,+
2247739,2248788,+
2248862,2249719,+
2249722,2250810,+
2253377,2254036,+
2261885,2263066,+
2263472,2264044,+
2264267,2265733,+
2265851,2266837,+
2266876,2267589,+
2268001,2268567,+
2268748,2270304,+
2270386,2272200,+
2272201,2273295,+
2273295,2274320,+
2274322,2275911,+
2278654,2280414,+
2280539,2280823,+
2282151,2282378,+
2282398,2284158,+
2288136,2288202,+
2288522,2289169,+
2301628,2301792,+
2301927,2302415,+
2311510,2314182,+
2314199,2314849,+
2318065,2319891,+
2319888,2321273,+
2321469,2322131,+
2322131,2322781,+
2322778,2324100,+
2324131,2325315,+
2337589,2338311,+
2342887,2345172,+
2345406,2346536,+
2346536,2346790,+
2347673,2347915,+
2350669,2352297,+
2352287,2353546,+
2353543,2354733,+
2354926,2355825,+
2355838,2356023,+
2362576,2363001,+
2363950,2365089,+
2365093,2366061,+
2366061,2368043,+
2368040,2368930,+
2368930,2370582,+
2370579,2370914,+
2370914,2371300,+
2379630,2380547,+
2380735,2381946,+
2383882,2384853,+
2384956,2385459,+
2386657,2387079,+
2387135,2387986,+
2405583,2406800,+
2406884,2407483,+
2411492,2412694,+
2412769,2414913,+
2415103,2416623,+
2418643,2419290,+
2419347,2419709,+
2419730,2420623,+
2435972,2436967,+
2439786,2441792,+
2446628,2447179,+
2459328,2460668,+
2461034,2462092,+
2463323,2464255,+
2464567,2465724,+
2465877,2466239,+
2466236,2467156,+
2467153,2468484,+
2468837,2469127,+
2471626,2471988,+
2472054,2472878,+
2473006,2473542,+
2473533,2473895,+
2473895,2474200,+
2474203,2474253,+
2474332,2474532,+
2475869,2477206,+
2477224,2478552,+
2481777,2482391,+
2482396,2485989,+
2492720,2492995,+
2493667,2494587,+
2494943,2495014,+
2496693,2498390,+
2498405,2499139,+
2499152,2500009,+
2507652,2508908,+
2509023,2509349,+
2511064,2512266,+
2512353,2513465,+
2516489,2516833,+
2516835,2517227,+
2523149,2523913,+
2524968,2525966,+
2529485,2530246,+
2530431,2531402,+
2531786,2532043,+
2532088,2533815,+
2533856,2534365,+
2535364,2535738,+
2535771,2536505,+
2543795,2544691,+
2544695,2546119,+
2546124,2547428,+
2550374,2551243,+
2551247,2552146,+
2556880,2558088,+
2558279,2558920,+
2559390,2559635,+
2559647,2560015,+
2560133,2560549,+
2560546,2561139,+
2561614,2561991,+
2562002,2562394,+
2562545,2563354,+
2576688,2577638,+
2577658,2579661,+
2583753,2585453,+
2585617,2588730,+
2589269,2589625,+
2589629,2590756,+
2590784,2590984,+
2597928,2598500,+
2598500,2598970,+
2599223,2599840,+
2599840,2601858,+
2601869,2602816,+
2602833,2604272,+
2604284,2604934,+
2604939,2606519,+
2606509,2608176,+
2608186,2608731,+
2608728,2609486,+
2609479,2609892,+
2609922,2611934,+
2611956,2612804,+
2614116,2615579,+
2615600,2615959,+
2619219,2620256,+
2620256,2620894,+
2621066,2623132,+
2623137,2624678,+
2627312,2627503,+
2627814,2628332,+
2628348,2628887,+
2632254,2633624,+
2650516,2651361,+
2661464,2662267,+
2662412,2663266,+
2663457,2664737,+
2667054,2668415,+
2668412,2668930,+
2668930,2669250,+
2669247,2670059,+
2670069,2671271,+
2671368,2671790,+
2680885,2682078,+
2683857,2685047,+
2693823,2695379,+
2696781,2697629,+
2697685,2697945,+
2708442,2710064,+
2710918,2712252,+
2713445,2714032,+
2714776,2715465,+
2716757,2717176,+
2717245,2717943,+
2717975,2720635,+
2720749,2722104,+
2722150,2722473,+
2734168,2734905,+
2735176,2735517,+
2735621,2735668,+
2735767,2736927,+
2739382,2739747,+
2739897,2740415,+
2740405,2741631,+
2741647,2742129,+
2745984,2746775,+
2746796,2748082,+
2748853,2749731,+
2749817,2751478,+
2751627,2751968,+
2752918,2753400,+
2754181,2755422,+
2756666,2756878,+
2757007,2758416,+
2758569,2759195,+
2763940,2765013,+
2765006,2765377,+
2765732,2766595,+
2766687,2767508,+
2767725,2768426,+
2768467,2768703,+
2768703,2769146,+
2769170,2769637,+
2771088,2771204,+
2771340,2773043,+
2773567,2773746,+
2773746,2773838,+
2773941,2774399,+
2774408,2774890,+
2774899,2775099,+
2775137,2775454,+
2775475,2775804,+
2784419,2786671,+
2787007,2787984,+
2788004,2789272,+
2789295,2790743,+
2790757,2792037,+
2792275,2793675,+
2793696,2794358,+
2795233,2795532,+
2795542,2796066,+
2797186,2797635,+
2798156,2798497,+
2798745,2798990,+
2798987,2799397,+
2799370,2801514,+
2801524,2802483,+
2802837,2804039,+
2804032,2805096,+
2805154,2806146,+
2806338,2807515,+
2807639,2808376,+
2808366,2808701,+
2808792,2809322,+
2809449,2810621,+
2810638,2812176,+
2823854,2824417,+
2824414,2825373,+
2825384,2825755,+
2825759,2826538,+
2826643,2827002,+
2827069,2827842,+
2827835,2828800,+
2830498,2831937,+
2831934,2833067,+
2837546,2839003,+
2839012,2840436,+
2848669,2849019,+
2849023,2849895,+
2849886,2850158,+
2850158,2851279,+
2851276,2852286,+
2852360,2854438,+
2855115,2857676,+
2857782,2858438,+
2859452,2860360,+
2860357,2861523,+
2861615,2862253,+
2862258,2863034,+
2863123,2864487,+
2874603,2875640,+
2890236,2890601,+
2890679,2891950,+
2891941,2892201,+
2892218,2892793,+
2898614,2899891,+
2899918,2901396,+
2903579,2903719,+
2903733,2904605,+
2913079,2915835,+
2923370,2924218,+
2924330,2925694,+
2926251,2927540,+
2927598,2928965,+
2929077,2929832,+
2932257,2933573,+
2933606,2935381,+
2935460,2936908,+
2936910,2937332,+
2937390,2938121,+
2941359,2942564,+
2942564,2943007,+
2947264,2948595,+
2967684,2968373,+
2968442,2969155,+
2969293,2969511,+
2969619,2970659,+
2974621,2975652,+
2977043,2977978,+
2983869,2985098,+
2985558,2986190,+
2986524,2987333,+
2987326,2987808,+
2988576,2988971,+
2988970,2989065,+
2989290,2989781,+
2990116,2991492,+
2991660,2991878,+
2991961,2992404,+
2992404,2992463,+
2993782,2994042,+
2998367,3000625,+
3000636,3001514,+
3001511,3001990,+
3004284,3005474,+
3005532,3006728,+
3006786,3007997,+
3008050,3009435,+
3009483,3010415,+
3013182,3013760,+
3014082,3017180,+
3017183,3018511,+
3018562,3019341,+
3019338,3022208,+
3022373,3023773,+
3023788,3025107,+
3025143,3026510,+
3029389,3030837,+
3030839,3030964,+
3031087,3031635,+
3034230,3034304,+
3037877,3038398,+
3039335,3040315,+
3041684,3043123,+
3053634,3053963,+
3054263,3054811,+
3057775,3058668,+
3058872,3061016,+
3061009,3062004,+
3062015,3062800,+
3062824,3064302,+
3079935,3080693,+
3084209,3084424,+
3084728,3085882,+
3086306,3087700,+
3087777,3088274,+
3088369,3089076,+
3089156,3089887,+
3089900,3090850,+
3090959,3091522,+
3091522,3091938,+
3093120,3093824,+
3093842,3094408,+
3094405,3094695,+
3094703,3095296,+
3095289,3096425,+
3101035,3102087,+
3102115,3102390,+
3102455,3103534,+
3103736,3104992,+
3107575,3108282,+
3126294,3127058,+
3128200,3129216,+
3132153,3132845,+
3136749,3137615,+
3145294,3145713,+
3145919,3146959,+
3147684,3148568,+
3150258,3151445,+
3151585,3152244,+
3153377,3154540,+
3154645,3155472,+
3155672,3156598,+
3156649,3156906,+
3167850,3168509,+
3168506,3169855,+
3170552,3171133,+
3171164,3171478,+
3176137,3177618,+
3177766,3178437,+
3178443,3179603,+
3180572,3181345,+
3182862,3183152,+
3183436,3183987,+
3184083,3184111,+
3185443,3187887,+
3184209,3184574,+
3184532,3185437,+
3187903,3188652,+
3188654,3189718,+
3190230,3190859,+
3190886,3192547,+
3192788,3192847,+
3193163,3193222,+
3199229,3199849,+
3199913,3201151,+
3202716,3203333,+
3204485,3205396,+
3205393,3205998,+
3206046,3207509,+
3208803,3209018,+
3209129,3210874,+
3211069,3212910,+
3214801,3215424,+
3217516,3218895,+
3219488,3220471,+
3220655,3223747,+
3223744,3224193,+
3224256,3225689,+
3225823,3226893,+
3226910,3229261,+
3229687,3231705,+
3233982,3234485,+
3234562,3235254,+
3235333,3236319,+
3236602,3237567,+
3237966,3239210,+
3243126,3244544,+
3244674,3245450,+
3245795,3246457,+
3246461,3246844,+
3246991,3247359,+
3247397,3247702,+
3247705,3248109,+
3248099,3248398,+
3248584,3248976,+
3249046,3250032,+
3250326,3250691,+
3250933,3251289,+
3252341,3253042,+
3253065,3253229,+
3265402,3265620,+
3265876,3266415,+
3266437,3267624,+
3273304,3274875,+
3275024,3275359,+
3275359,3275823,+
3276936,3278216,+
3278239,3278712,+
3278723,3279097,+
3279093,3279647,+
3279998,3281152,+
3281165,3282025,+
3282192,3282668,+
3282707,3283510,+
3283500,3284291,+
3284292,3285047,+
3285448,3286032,+
3286112,3286807,+
3286836,3289352,+
3289363,3290454,+
3291422,3293458,+
3293416,3293811,+
3293831,3294421,+
3294431,3295006,+
3296996,3297514,+
3297988,3298290,+
3299507,3300502,+
3300511,3301389,+
3301470,3302477,+
3316659,3318002,+
3325812,3326105,+
3326985,3328418,+
3331732,3332703,+
3332931,3333209,+
3338297,3339274,+
3339288,3340274,+
3340295,3340861,+
3340858,3341433,+
3341402,3341959,+
3341966,3342691,+
3342739,3344172,+
3344195,3344482,+
3344600,3345091,+
3345137,3345991,+
3345988,3346260,+
3346474,3347106,+
3352654,3357207,+
3357220,3358638,+
3359198,3359962,+
3360134,3360808,+
3360829,3363210,+
3363207,3363573,+
3364773,3364951,+
3364948,3365664,+
3365849,3366976,+
3372891,3374258,+
3378213,3378611,+
3378765,3380132,+
3380222,3381289,+
3382725,3383195,+
3383560,3383823,+
3387542,3388471,+
3401506,3402480,+
3402517,3402659,+
3402660,3402755,+
3402754,3403053,+
3403458,3403928,+
3403939,3405288,+
3405397,3405639,+
3405629,3407080,+
3407092,3407973,+
3408302,3409267,+
3409293,3409589,+
3409675,3410559,+
3410643,3410822,+
3411886,3413043,+
3413055,3416159,+
3416412,3416633,+
3417064,3417129,+
3417129,3418088,+
3418156,3419337,+
3419347,3420450,+
3420458,3421216,+
3427258,3427812,+
3431712,3432221,+
3432236,3433183,+
3433229,3434518,+
3434540,3435916,+
3436046,3436456,+
3453600,3454415,+
3454399,3456351,+
3456361,3457842,+
3457839,3459035,+
3459045,3459482,+
3459490,3459999,+
3459996,3460373,+
3460366,3460953,+
3460946,3461929,+
3461944,3463107,+
3463104,3463565,+
3463565,3464242,+
3475662,3475880,+
3479311,3481224,+
3481224,3482246,+
3482240,3482458,+
3482512,3483381,+
3484142,3484774,+
3484813,3486915,+
3490590,3491771,+
3492033,3494576,+
3494573,3494899,+
3495025,3495831,+
3495850,3497223,+
3497470,3497637,+
3497932,3499269,+
3499290,3500312,+
3500362,3501192,+
3501189,3501974,+
3502074,3502805,+
3520893,3523445,+
3524491,3526626,+
3526691,3527359,+
3527370,3527771,+
3527796,3528674,+
3530840,3532462,+
3534834,3535310,+
3535407,3537728,+
3538185,3538412,+
3538429,3540750,+
3540750,3540986,+
3541189,3542067,+
3542904,3543587,+
3543646,3544221,+
3544581,3545897,+
3551107,3553812,+
3556290,3557888,+
3560036,3561541,+
3573094,3573687,+
3579161,3579649,+
3579886,3581064,+
3581061,3581441,+
3582219,3582332,+
3581506,3581781,+
3581700,3582203,+
3582427,3582582,+
3582782,3583066,+
3584966,3585406,+
3596007,3596390,+
3602416,3603012,+
3603002,3603271,+
3603774,3604400,+
3604474,3606672,+
3607240,3607905,+
3607978,3608535,+
3609888,3610937,+
3610992,3611579,+
3611690,3613264,+
3613264,3614208,+
3614205,3615038,+
3615038,3615802,+
3615799,3616605,+
3616611,3617012,+
3617215,3621450,+
3621422,3621805,+
3621910,3622260,+
3622401,3623537,+
3631289,3632481,+
3632864,3633916,+
3635665,3637164,+
3638134,3638568,+
3638885,3640354,+
3643408,3644250,+
3644322,3645674,+
3646551,3646904,+
3646958,3648247,+
3648260,3648685,+
3649314,3650054,+
3651254,3651736,+
3651984,3652550,+
3652706,3653236,+
3655018,3655590,+
3656389,3656916,+
3657255,3658412,+
3658437,3661550,+
3667615,3669264,+
3670437,3671336,+
3671385,3672398,+
3672809,3674131,+
3677442,3678371,+
3694481,3696052,+
3696049,3696240,+
3696237,3697916,+
3698586,3699857,+
3711115,3711678,+
3711675,3712115,+
3714570,3715229,+
3715333,3716307,+
3717501,3717791,+
3718072,3718284,+
3718703,3719224,+
3719221,3720072,+
3723910,3724905,+
3729154,3730146,+
3730224,3731765,+
3731743,3732924,+
3733002,3734180,+
3735520,3737550,+
3737728,3738981,+
3740756,3741754,+
3741766,3742233,+
3742351,3742824,+
3742827,3744104,+
3744117,3745103,+
3745107,3746603,+
3746600,3747262,+
3747255,3748115,+
3748109,3748804,+
3748941,3749132,+
3750015,3750989,+
3760206,3764339,+
3764360,3765202,+
3765244,3766188,+
3766200,3766661,+
3766662,3766913,+
3766915,3766998,+
3767016,3767279,+
3767368,3767806,+
3767971,3768057,+
3768056,3768169,+
3770304,3772217,+
3772447,3773595,+
3773595,3774182,+
3774688,3775050,+
3775422,3777077,+
3777077,3777853,+
3777850,3779040,+
3779238,3779711,+
3783283,3784827,+
3784861,3786120,+
3786124,3787083,+
3792010,3792942,+
3792952,3793998,+
3794002,3794961,+
3794971,3796230,+
3806563,3807840,+
3807848,3808327,+
3810754,3811974,+
3811955,3812410,+
3812517,3813113,+
3814699,3815562,+
3815783,3816607,+
3816897,3817514,+
3819451,3820074,+
3820129,3820404,+
3820423,3822531,+
3822538,3823227,+
3823233,3825314,+
3826968,3828359,+
3828480,3830189,+
3834448,3834579,+
3834976,3836160,+
3836271,3837194,+
3838238,3838531,+
3841987,3843753,+
3851576,3851665,+
3851945,3853129,+
3854438,3854887,+
3858306,3859199,+
3861922,3862638,+
3865751,3866083,+
3867400,3868464,+
3873461,3874117,+
3882359,3882499,+
3882516,3882875,+
3882839,3883096,+
3883099,3884745,+
3884851,3886215,+
3886458,3886532,+
3886753,3888168,+
3888259,3889506,+
3889638,3890813,+
3890788,3891747,+
3891904,3892653,+
3892675,3893241,+
3894797,3895462,+
3895529,3895996,+
3896045,3896632,+
3925178,3926170,+
3929339,3931207,+
3931374,3931793,+
3931801,3933306,+
3933311,3934276,+
3934301,3935191,+
3935317,3936246,+
3936250,3937242,+
3946109,3946447,+
3948345,3948443,+
3948530,3948580,+
3948583,3949566,+
3949565,3950227,+
3950224,3950487,+
3950507,3951436,+
3951501,3953351,+
3953354,3954898,+
3955993,3957468,+
3958277,3958483,+
3958700,3960721,+
3963784,3964113,+
3964440,3965699,+
3965939,3967042,+
3967054,3968100,+
3968156,3969286,+
3969283,3970545,+
3970545,3971612,+
3971631,3972512,+
3972490,3973164,+
3973169,3974299,+
3974301,3975551,+
3975548,3976627,+
3976624,3977976,+
3977979,3978719,+
3978910,3980295,+
3980981,3982216,+
3989176,3991722,+
3992545,3992748,+
3992785,3993609,+
3993606,3994313,+
3994310,3995206,+
3995206,3995922,+
3996006,3998168,+
3999449,4000399,+
4002885,4003754,+
4003887,4005716,+
4005780,4006400,+
4007193,4008215,+
4008223,4009023,+
4009099,4009998,+
4011076,4013337,+
4014454,4015215,+
4015356,4016783,+
4016878,4017633,+
4017647,4018252,+
4018249,4019889,+
4019968,4020237,+
4020241,4020756,+
4020759,4021535,+
4021577,4022359,+
4023011,4024504,+
4024550,4025251,+
4029184,4030515,+
4030515,4031129,+
4031168,4032619,+
4032631,4033176,+
4040092,4040361,+
4040438,4041424,+
4041441,4042067,+
4042222,4043652,+
4044989,4047775,+
4049370,4049879,+
4050068,4051441,+
4056430,4058253,+
4058470,4059180,+
4059188,4060168,+
4060270,4061535,+
4071762,4072658,+
4072692,4073477,+
4073576,4074175,+
4074169,4075041,+
4075038,4075475,+
4075472,4076461,+
4077320,4077532,+
4077774,4077992,+
4084039,4084872,+
4085025,4086080,+
4095759,4096595,+
4096669,4097517,+
4098833,4099453,+
4099713,4100696,+
4100845,4101519,+
4103843,4104343,+
4104492,4105394,+
4105575,4106537,+
4106857,4107846,+
4107953,4108708,+
4110338,4110778,+
4110990,4111289,+
4111316,4111744,+
4116538,4116783,+
4125036,4125248,+
4126695,4127855,+
4127858,4130290,+
4130639,4131529,+
4131858,4134038,+
4134131,4135036,+
4140553,4141632,+
4141647,4141967,+
4142018,4144315,+
4144281,4145159,+
4145161,4145502,+
4153024,4154028,+
4154036,4154812,+
4154873,4156246,+
4156513,4157430,+
4159147,4159794,+
4159794,4160153,+
4161662,4163506,+
4163451,4164308,+
4170080,4171108,+
4171105,4172070,+
4173967,4175151,+
4175381,4175764,+
4175766,4176311,+
4176470,4176898,+
4176902,4177606,+
4178019,4178516,+
4178583,4178948,+
4179268,4183296,+
4183373,4187596,+
4187809,4188348,+
4194926,4195699,+
4195739,4196803,+
4196813,4197484,+
4197527,4198117,+
4198304,4198576,+
4198589,4199284,+
4199949,4201346,+
4201343,4202668,+
4211257,4211640,+
4212303,4213232,+
4213501,4215102,+
4215132,4216436,+
4216619,4218355,+
4221851,4225534,+
4225754,4227385,+
4228377,4229249,+
4231781,4233430,+
4233929,4234171,+
4234285,4234923,+
4234920,4235657,+
4235657,4237753,+
4238348,4238758,+
4244807,4245922,+
4245994,4247334,+
4247577,4248497,+
4248726,4248908,+
4248908,4248982,+
4248984,4250306,+
4250529,4251026,+
4251039,4251911,+
4254660,4255028,+
4255138,4255746,+
4255765,4257144,+
4257260,4257469,+
4258344,4258598,+
4258622,4259329,+
4259737,4260729,+
4260863,4261105,+
4262337,4263752,+
4263805,4264884,+
4265137,4266330,+
4267437,4268150,+
4268261,4268677,+
4268681,4269037,+
4272148,4272684,+
4273494,4275080,+
4275492,4275956,+
4276502,4277851,+
4278003,4279652,+
4285787,4287223,+
4287268,4287834,+
4287831,4288502,+
4288499,4289455,+
4289535,4291193,+
4291186,4291569,+
4291566,4292162,+
4292504,4293817,+
4311373,4311822,+
4311891,4312220,+
4320828,4321253,+
4325158,4327386,+
4327383,4328261,+
4328525,4330027,+
4339934,4341289,+
4341404,4342813,+
4349866,4350096,+
4350108,4350380,+
4350607,4350903,+
4350931,4351104,+
4360293,4360376,+
4366687,4367163,+
4368711,4369004,+
4369048,4370694,+
4370832,4371185,+
4373722,4374288,+
4374340,4374465,+
4374576,4374722,+
4374898,4375215,+
4380666,4381643,+
4381862,4383364,+
4383416,4383730,+
4383727,4384041,+
4389627,4390172,+
4390915,4390968,+
4392089,4393636,+
4393608,4394069,+
4394088,4395425,+
4395435,4397282,+
4397275,4398225,+
4398311,4398619,+
4398695,4399975,+
4400061,4401320,+
4401323,4402327,+
4402409,4402606,+
4402710,4404008,+
4404213,4404638,+
4404677,4407118,+
4407298,4408029,+
4408156,4408557,+
4408576,4409274,+
4409325,4409984,+
4410002,4410400,+
4410410,4411048,+
4411051,4412214,+
4412298,4413923,+
4414975,4415724,+
4418003,4419400,+
4419416,4419721,+
4419731,4420195,+
4420209,4420859,+
4420869,4421723,+
4421723,4422409,+
4423141,4423536,+
4423543,4423857,+
4423862,4424089,+
4424131,4424580,+
4425717,4426118,+
4426958,4427578,+
4427887,4429299,+
4432136,4432516,+
4434778,4435518,+
4435730,4436668,+
4437610,4437816,+
4440405,4442138,+
4442135,4445914,+
4445917,4446258,+
4446470,4446721,+
4446715,4447065,+
4447985,4448941,+
4449081,4450583,+
4450594,4451619,+
4451606,4452601,+
4453808,4455181,+
4455982,4457334,+
4457513,4457878,+
4465648,4468344,+
4472147,4472740,+
4472885,4473337,+
4473460,4475274,+
4476496,4476912,+
4477753,4478949,+
4484241,4485341,+
4485341,4486423,+
4492646,4493209,+
4494698,4495963,+
4496295,4496660,+
4496618,4497523,+
4498557,4498814,+
4499283,4499612,+
4502081,4503298,+
4503310,4504428,+
4504471,4504596,+
4504884,4505132,+
4505220,4505474,+
4507032,4507816,+
4507827,4508156,+
4516550,4516825,+
4516744,4517247,+
4532814,4533026,+
4533026,4534054,+
4538980,4539582,+
4540060,4540656,+
4541138,4541686,+
4541751,4542290,+
4542327,4543052,+
4543119,4545755,+
4545765,4546295,+
4546308,4546811,+
4546831,4547733,+
4549659,4550843,+
4550924,4552384,+
4552599,4553372,+
4555016,4555408,+
4558953,4559507,+
4567021,4567941,+
4569774,4569938,+
4570437,4571939,+
4571942,4574878,+
4584972,4585886,+
4589680,4591335,+
4594013,4595035,+
4601500,4602225,+
4602333,4602860,+
4603827,4604063,+
4605826,4606239,+
4606208,4606654,+
4606669,4607346,+
4607437,4609026,+
4609419,4610024,+
4610151,4610312,+
4610434,4611507,+
4611504,4612283,+
4615346,4616125,+
4616252,4617574,+
4617626,4618849,+
4618906,4619625,+
4619792,4621123,+
4622918,4623886,+
4623935,4625317,+
4625338,4626570,+
4628756,4630693,+
4630783,4631109,+
4631820,4632467,+
4633544,4634017,+
4634030,4634719,+
4634719,4636143,+
4636201,4637553,+
4638425,4638565,+
4638965,4639651,+
